PCODE,centrallon,centrallat
MX01001,-102.29580,21.81144
MX01002,-102.04564,22.12651
MX01003,-102.70490,21.90069
MX01004,-102.29704,22.36063
MX01005,-102.44565,21.93212
MX01006,-102.30168,22.10454
MX01007,-102.34073,22.26741
MX01008,-102.52584,22.14663
MX01009,-102.19213,22.23697
MX01010,-102.03540,21.92152
MX01011,-102.22902,22.03307
MX02001,-114.95140,30.04086
MX02002,-115.16760,31.74182
MX02003,-116.26902,32.44079
MX02004,-116.81982,32.40406
MX02005,-116.89072,32.25295
MX03001,-111.80854,25.53255
MX03002,-113.22574,27.28714
MX03003,-110.64135,24.18435
MX03008,-109.75330,23.27660
MX03009,-111.44877,25.95321
MX04001,-90.21680,20.38264
MX04002,-90.26746,19.61688
MX04003,-91.45158,18.49877
MX04004,-90.49925,19.13415
MX04005,-90.13539,20.12444
MX04006,-89.60964,19.47407
MX04007,-91.97382,18.27307
MX04008,-90.23293,19.96962
MX04009,-90.47435,18.55060
MX04010,-89.66159,18.40289
MX04011,-90.71672,18.09917
MX07001,-92.68169,15.41414
MX07002,-92.84090,16.53775
MX07003,-92.77233,15.23374
MX07004,-91.86257,16.66188
MX07005,-92.85734,17.38559
MX07006,-92.09751,15.55708
MX07007,-92.39543,16.51529
MX07008,-92.68045,15.75815
MX07009,-93.93735,16.24896
MX07010,-92.16129,15.49176
MX07011,-92.24242,15.61958
MX07012,-93.31907,16.86657
MX07013,-92.95879,17.01412
MX07014,-92.74129,17.03175
MX07015,-92.16426,15.08637
MX07016,-91.99760,17.77987
MX07017,-93.86750,16.71284
MX07018,-93.12608,17.12057
MX07019,-92.17897,16.29688
MX07020,-92.77124,15.96089
MX07021,-93.25226,17.09476
MX07022,-92.61180,17.02127
MX07023,-92.68017,16.81937
MX07024,-92.21697,16.61153
MX07025,-93.13154,17.32680
MX07026,-92.57044,16.95016
MX07027,-92.97063,16.59807
MX07028,-92.72594,16.55397
MX07029,-93.11152,16.99533
MX07030,-92.39129,15.79903
MX07031,-92.03514,17.10969
MX07032,-92.55817,15.36443
MX07033,-93.27619,17.29407
MX07034,-92.08801,15.76278
MX07035,-92.21330,14.74999
MX07036,-92.21840,15.51300
MX07037,-92.42377,15.00940
MX07038,-92.39963,16.69428
MX07039,-92.69493,17.24317
MX07040,-92.54680,15.09702
MX07041,-91.79579,16.20470
MX07042,-92.97863,17.29853
MX07043,-93.09902,17.42140
MX07044,-92.89700,16.81795
MX07045,-92.97559,17.46687
MX07046,-93.67208,16.52274
MX07047,-92.87442,17.08962
MX07048,-93.19334,17.69945
MX07049,-92.77668,16.92438
MX07050,-91.75107,17.60664
MX07051,-92.89144,15.46109
MX07052,-91.74028,16.38560
MX07053,-92.18590,15.37316
MX07054,-92.49718,14.88047
MX07055,-92.20165,14.82164
MX07056,-92.56310,16.87481
MX07057,-92.33147,15.31383
MX07058,-92.61005,16.43820
MX07059,-91.33802,16.70191
MX07060,-93.17388,17.22080
MX07061,-93.48660,16.81966
MX07062,-93.39689,17.43326
MX07063,-93.08380,16.89523
MX07064,-92.27479,16.78100
MX07065,-91.81273,17.44412
MX07066,-92.46407,17.06010
MX07067,-93.05690,17.18919
MX07068,-93.19861,17.53035
MX07069,-93.19173,15.67005
MX07070,-92.26393,15.43255
MX07071,-92.61957,15.16542
MX07072,-92.88121,17.21783
MX07073,-92.99658,17.19222
MX07074,-93.22938,17.86422
MX07075,-92.36473,16.36531
MX07076,-92.61076,17.31983
MX07077,-92.18714,17.43762
MX07078,-92.58995,16.67830
MX07079,-93.20937,16.91261
MX07080,-92.45622,15.54732
MX07081,-92.62502,17.13892
MX07082,-92.34829,17.03727
MX07083,-92.37595,16.10643
MX07084,-93.00479,17.38699
MX07085,-92.98867,16.92597
MX07086,-93.13633,16.58555
MX07087,-92.22709,14.63965
MX07088,-93.25159,17.48886
MX07089,-92.30466,14.93436
MX07090,-93.11231,17.22011
MX07091,-92.99728,17.25097
MX07092,-93.51069,17.20816
MX07093,-92.47201,16.83319
MX07094,-92.50881,16.56110
MX07096,-92.48583,17.37919
MX07097,-93.65399,15.99085
MX07098,-92.65996,16.51516
MX07099,-91.89940,16.02453
MX07100,-92.26963,17.30079
MX07101,-93.13729,16.73945
MX07102,-92.19880,14.89403
MX07103,-92.41156,15.14044
MX07104,-92.24644,16.12408
MX07105,-92.10426,15.05972
MX07106,-92.60790,16.31731
MX07107,-93.19761,16.11215
MX07108,-93.37519,16.34614
MX07109,-92.32585,17.18556
MX07110,-92.72378,16.62247
MX07111,-92.78198,16.72192
MX07112,-92.39167,16.93016
MX07113,-92.69018,16.92183
MX07114,-90.56335,16.28155
MX07115,-91.24859,16.19919
MX07116,-90.74337,16.24640
MX07117,-92.66439,15.67168
MX07118,-92.80309,17.15401
MX07119,-92.72155,16.94936
MX08001,-106.38069,30.44924
MX08002,-105.58857,29.07329
MX08003,-105.30549,27.09495
MX08004,-105.82346,28.58223
MX08005,-107.51981,31.33194
MX08006,-107.29164,28.85800
MX08007,-106.54294,26.75306
MX08008,-107.69330,26.94545
MX08009,-107.58012,27.80784
MX08010,-107.12140,30.05814
MX08011,-104.42366,28.03370
MX08012,-107.06325,27.81015
MX08013,-108.20229,30.19392
MX08014,-105.06996,26.63394
MX08015,-105.20778,29.75704
MX08016,-105.04486,27.89765
MX08017,-106.94869,28.72347
MX08018,-106.89693,28.21163
MX08019,-106.23252,29.00054
MX08020,-108.51637,27.45596
MX08021,-105.49186,28.11949
MX08022,-106.46115,27.99997
MX08023,-107.64464,30.16075
MX08024,-106.34955,28.32120
MX08025,-107.73732,29.33656
MX08026,-106.56942,28.29879
MX08027,-107.24776,27.15044
MX08028,-105.64063,30.82727
MX08029,-107.03394,26.16798
MX08030,-108.27406,27.39095
MX08031,-107.55805,28.38510
MX08032,-105.69704,27.12904
MX08033,-106.06794,27.06932
MX08034,-107.72354,29.72209
MX08035,-108.45022,30.84935
MX08036,-104.39070,27.08211
MX08037,-106.56419,31.44961
MX08038,-105.05450,28.54101
MX08039,-105.01098,26.92622
MX08040,-108.32932,29.32693
MX08041,-107.97330,27.83630
MX08042,-103.82475,28.92881
MX08043,-107.72063,28.82410
MX08044,-105.52292,26.72506
MX08045,-105.50146,28.35062
MX08046,-107.72813,26.57153
MX08047,-108.73725,28.15275
MX08048,-107.14038,29.29526
MX08049,-106.68425,27.42458
MX08050,-107.72906,30.53285
MX08051,-108.20480,28.15363
MX08052,-104.52537,29.36359
MX08053,-105.92594,31.23809
MX08054,-106.61705,28.80630
MX08055,-105.74782,28.20505
MX08056,-106.31469,27.26890
MX08057,-106.73519,27.89250
MX08058,-105.36226,27.58213
MX08059,-105.94624,26.88525
MX08060,-105.78292,26.80392
MX08061,-106.19309,27.77862
MX08062,-105.34303,28.00109
MX08063,-108.08483,28.71477
MX08064,-106.29744,27.04510
MX08065,-107.97641,27.22630
MX08066,-108.50656,27.86164
MX08067,-105.80833,27.48705
MX05001,-101.24578,27.12239
MX05002,-102.01015,29.43246
MX05003,-100.91600,28.27835
MX05004,-100.64237,25.34136
MX05005,-100.79925,26.85245
MX05006,-101.38693,26.58624
MX05007,-102.29898,26.69910
MX05008,-101.27959,27.30607
MX05009,-103.18086,26.32015
MX05010,-101.52827,26.94770
MX05011,-101.55104,25.52169
MX05012,-100.39382,28.09737
MX05013,-100.05057,27.83927
MX05014,-100.95130,29.00268
MX05015,-100.69338,27.65655
MX05016,-101.91372,27.15055
MX05017,-103.21506,25.55982
MX05018,-101.19439,26.89686
MX05019,-101.08335,28.32775
MX05020,-101.90047,28.40302
MX05021,-101.76543,27.22773
MX05022,-100.62049,28.49644
MX05023,-102.89288,27.96554
MX05024,-102.11467,25.50387
MX05025,-100.61450,28.77983
MX05026,-101.02148,27.42142
MX05027,-101.28207,25.91375
MX05028,-101.14300,27.92287
MX05029,-101.75649,26.93983
MX05030,-101.12511,25.02915
MX05031,-101.96888,27.84013
MX05032,-101.38976,28.06396
MX05033,-102.71800,26.08404
MX05034,-103.61011,27.48177
MX05035,-103.24892,25.17008
MX05036,-102.92497,25.22187
MX05037,-100.78031,28.09739
MX05038,-101.39501,28.81197
MX06001,-103.99848,19.00936
MX06002,-103.63267,19.11610
MX06003,-103.76999,19.39344
MX06004,-103.92075,19.18813
MX06005,-103.59550,19.32684
MX06006,-103.68135,18.96761
MX06007,-104.29581,19.14948
MX06008,-104.03106,19.37209
MX06009,-104.92731,18.86730
MX06010,-103.84443,19.30960
MX09002,-99.18211,19.48533
MX09003,-99.15038,19.32667
MX09004,-99.31073,19.32463
MX09005,-99.11586,19.50407
MX09006,-99.09433,19.39691
MX09007,-99.05680,19.34916
MX09008,-99.26841,19.26898
MX09009,-99.05110,19.13946
MX09010,-99.24682,19.33618
MX09011,-99.00282,19.27699
MX09012,-99.20622,19.19834
MX09013,-99.09036,19.24515
MX09014,-99.16113,19.38064
MX09015,-99.14906,19.43137
MX09016,-99.20457,19.42806
MX09017,-99.09311,19.43050
MX10001,-104.93589,24.51112
MX10002,-106.45111,25.07272
MX10003,-104.78374,25.03398
MX10004,-103.70029,24.69481
MX10005,-104.84370,23.97048
MX10006,-103.21208,24.76151
MX10007,-103.49063,25.72798
MX10008,-104.07328,24.41267
MX10009,-106.06722,25.99632
MX10010,-104.81708,26.09034
MX10011,-104.99554,25.72623
MX10012,-103.68583,25.47765
MX10013,-104.13133,26.14600
MX10014,-104.55069,23.00211
MX10015,-104.07769,25.24710
MX10016,-104.21111,23.81386
MX10017,-105.67669,26.48187
MX10018,-105.21585,25.54902
MX10019,-105.93643,24.70145
MX10020,-104.35404,24.49486
MX10021,-104.08232,24.78599
MX10022,-104.02195,24.00356
MX10023,-105.31427,23.41144
MX10024,-104.56162,25.19530
MX10025,-105.67245,26.18411
MX10026,-105.74228,24.22849
MX10027,-102.71804,24.64753
MX10028,-104.47040,24.80735
MX10029,-104.30649,25.37610
MX10030,-104.39825,25.62190
MX10031,-103.41378,24.49776
MX10032,-105.69042,24.98416
MX10033,-104.14963,23.43688
MX10034,-106.71199,24.94676
MX10035,-106.06163,25.45024
MX10036,-103.62548,26.34496
MX10037,-106.58974,25.25676
MX10038,-103.95105,23.73334
MX10039,-105.03803,24.84669
MX11001,-101.53601,20.53323
MX11002,-100.75197,20.05247
MX11003,-100.73773,20.92525
MX11004,-100.57352,20.42184
MX11005,-100.62174,20.57551
MX11006,-99.80444,21.26520
MX11007,-100.78786,20.53757
MX11008,-101.87978,20.71295
MX11009,-100.79112,20.74127
MX11010,-100.38360,20.21700
MX11011,-100.93837,20.42911
MX11012,-101.66801,20.61523
MX11013,-100.35963,21.14160
MX11014,-100.93478,21.14702
MX11015,-101.23733,21.01845
MX11016,-101.49900,20.36737
MX11017,-101.36832,20.69981
MX11018,-101.05209,20.35880
MX11019,-100.50788,20.19711
MX11020,-101.62240,21.12475
MX11021,-101.24469,20.08432
MX11022,-101.47300,21.57957
MX11023,-101.81585,20.40162
MX11024,-101.36126,20.54993
MX11025,-101.92856,20.92752
MX11026,-101.59513,20.82579
MX11027,-101.16510,20.62511
MX11028,-100.91513,20.20756
MX11029,-100.84641,21.44217
MX11030,-101.23370,21.50320
MX11031,-101.78852,20.91912
MX11032,-100.38859,21.00232
MX11033,-100.47625,21.39937
MX11034,-100.07190,21.15068
MX11035,-100.99408,20.67410
MX11036,-100.99036,20.15823
MX11037,-101.43778,20.96312
MX11038,-100.52891,20.00448
MX11039,-100.74150,20.29674
MX11040,-100.15601,21.03229
MX11041,-101.15262,20.11969
MX11042,-101.27056,20.37833
MX11043,-100.21461,21.36596
MX11044,-100.99251,20.54196
MX11045,-99.97852,21.35676
MX11046,-101.22553,20.18315
MX12001,-99.71453,16.95754
MX12002,-98.95137,17.75227
MX12003,-100.60773,17.91902
MX12004,-98.36611,17.37590
MX12005,-98.51057,17.64224
MX12006,-99.98090,18.09123
MX12007,-100.19879,18.25262
MX12008,-99.06996,18.14438
MX12009,-98.58269,17.27024
MX12010,-98.90305,17.51434
MX12011,-100.34207,17.33282
MX12012,-99.06754,16.95727
MX12013,-98.57268,16.68426
MX12014,-100.42712,17.09654
MX12015,-99.42073,18.46157
MX12016,-101.64944,18.28303
MX12017,-99.71366,18.13230
MX12018,-98.93064,16.60809
MX12019,-99.05204,17.98214
MX12020,-98.70190,17.43262
MX12021,-100.05897,17.14255
MX12022,-100.92991,18.08179
MX12023,-98.51774,16.46165
MX12024,-98.67126,17.73829
MX12025,-98.96371,16.71854
MX12026,-99.81470,18.12476
MX12027,-100.61792,18.65981
MX12028,-99.11236,17.52369
MX12029,-99.69745,17.39083
MX12030,-99.13964,16.70269
MX12031,-100.10417,18.44113
MX12032,-100.02694,17.73380
MX12033,-98.54709,17.81216
MX12034,-99.25342,18.22977
MX12035,-99.58212,18.22681
MX12036,-98.49328,16.80174
MX12037,-99.76559,18.46345
MX12038,-101.43400,17.82026
MX12039,-99.47293,17.14213
MX12040,-99.79579,17.63194
MX12041,-98.70461,17.14606
MX12042,-99.35757,17.83250
MX12043,-98.43975,17.13403
MX12044,-99.37060,17.33684
MX12045,-98.78389,17.89656
MX12046,-98.35235,16.66187
MX12047,-99.86922,18.54466
MX12048,-101.15976,17.62032
MX12049,-99.60783,18.70423
MX12050,-100.61147,18.34562
MX12051,-99.18522,17.31282
MX12052,-98.75108,16.87636
MX12053,-99.40870,16.80888
MX12054,-100.31825,17.83981
MX12055,-99.59744,18.52004
MX12056,-99.29489,16.98045
MX12057,-100.74436,17.40595
MX12058,-99.91407,18.35826
MX12059,-99.46939,18.10100
MX12060,-99.67176,18.64884
MX12061,-99.36747,17.59935
MX12062,-98.27713,16.93906
MX12063,-98.78615,17.23001
MX12064,-100.43503,18.42802
MX12065,-98.40920,17.57165
MX12066,-98.61554,17.56217
MX12067,-100.45333,18.28029
MX12068,-101.85475,18.01682
MX12069,-98.54149,17.42981
MX12070,-98.50930,17.90451
MX12071,-98.15727,16.86943
MX12072,-98.82952,17.32455
MX12073,-101.21823,18.34493
MX12074,-99.18511,17.74958
MX12075,-99.60977,17.80149
MX12076,-98.97603,17.17482
MX12077,-98.74543,16.64040
MX12078,-98.42387,17.10057
MX12079,-98.99594,17.44263
MX12080,-98.67807,16.59457
MX12081,-98.63788,17.04710
MX13001,-98.44035,20.20642
MX13002,-98.19840,20.15985
MX13003,-98.88969,20.31455
MX13004,-98.36938,20.36157
MX13005,-99.07803,20.11983
MX13006,-99.40540,20.40709
MX13007,-98.32707,19.74162
MX13008,-98.44700,19.72290
MX13009,-98.88258,20.21715
MX13010,-99.22137,20.05475
MX13011,-98.36355,21.02731
MX13012,-98.67649,20.35484
MX13013,-99.23138,19.97345
MX13014,-98.54849,20.90606
MX13015,-99.06020,20.59917
MX13016,-98.28167,19.98431
MX13017,-99.47165,20.26369
MX13018,-98.94967,21.12844
MX13019,-99.25513,20.32432
MX13020,-98.88033,20.74141
MX13021,-98.60027,19.65930
MX13022,-98.64348,20.03159
MX13023,-99.08028,20.23528
MX13024,-98.54313,20.22591
MX13025,-98.24714,21.03826
MX13026,-98.48913,20.99750
MX13027,-98.06419,20.51407
MX13028,-98.45172,21.12724
MX13029,-99.68073,20.38382
MX13030,-99.20132,20.53252
MX13031,-99.14722,20.96996
MX13032,-98.52757,21.14848
MX13033,-98.83575,20.83158
MX13034,-98.72331,20.96215
MX13035,-98.34292,20.25781
MX13036,-98.60529,20.52379
MX13037,-98.80965,20.56545
MX13038,-98.75356,20.22304
MX13039,-98.65883,20.14036
MX13040,-99.07051,21.07096
MX13041,-99.18073,20.22385
MX13042,-98.77642,20.86439
MX13043,-99.17541,20.78647
MX13044,-99.67268,20.23299
MX13045,-98.62196,20.17375
MX13046,-98.58168,21.26033
MX13047,-99.31541,20.99976
MX13048,-98.78223,20.10208
MX13049,-98.98883,21.23449
MX13050,-99.17815,20.31433
MX13051,-98.71970,20.05899
MX13052,-98.94004,20.09557
MX13053,-98.19132,20.46845
MX13054,-99.04786,20.30475
MX13055,-98.98285,20.41237
MX13056,-98.39278,20.03565
MX13057,-98.49546,19.98760
MX13058,-99.37583,20.54234
MX13059,-99.63243,20.53926
MX13060,-98.21083,20.34336
MX13061,-98.49479,19.81554
MX13062,-98.83294,21.06143
MX13063,-99.36350,19.90267
MX13064,-99.39870,20.19422
MX13065,-99.15183,20.11441
MX13066,-98.80336,19.91282
MX13067,-99.29328,20.17887
MX13068,-98.53914,20.78068
MX13069,-98.96118,19.85253
MX13070,-99.20855,20.13437
MX13071,-98.97239,20.86659
MX13072,-98.58693,19.83520
MX13073,-98.64818,21.03183
MX13074,-99.23705,20.09712
MX13075,-98.92653,19.95439
MX13076,-99.37674,20.06413
MX13077,-98.35094,20.12360
MX13078,-98.28809,20.85786
MX13079,-98.64126,20.79143
MX13080,-98.38352,20.91625
MX13081,-98.58673,20.65075
MX13082,-98.85892,19.98941
MX13083,-98.67233,19.92313
MX13084,-99.36573,20.75288
MX14001,-102.90916,20.77005
MX14002,-103.60885,20.42849
MX14003,-103.93536,20.71147
MX14004,-103.62258,19.99995
MX14005,-103.71725,20.84999
MX14006,-104.08054,20.54166
MX14007,-104.00678,20.80910
MX14008,-102.30066,20.76646
MX14009,-103.67901,20.75497
MX14010,-103.73165,20.17295
MX14011,-104.27392,20.31808
MX14012,-104.55067,20.33673
MX14013,-102.53961,20.54757
MX14014,-103.47047,19.99644
MX14015,-104.31216,19.74347
MX14016,-102.34293,20.48882
MX14017,-104.43482,20.05026
MX14018,-102.52330,20.36383
MX14019,-103.92048,21.87465
MX14020,-105.40648,20.34231
MX14021,-104.47016,19.60295
MX14022,-104.61454,19.27802
MX14023,-103.51034,19.71077
MX14024,-103.82446,20.39035
MX14025,-103.28720,22.09171
MX14026,-103.23643,19.98242
MX14027,-104.31105,19.43563
MX14028,-104.50986,20.19300
MX14029,-103.02872,20.95240
MX14030,-103.18791,20.25986
MX14031,-103.65995,21.72992
MX14032,-103.88018,20.08228
MX14033,-102.16779,20.44789
MX14034,-104.08162,19.91242
MX14035,-102.19148,21.55571
MX14036,-104.12377,20.74361
MX14037,-104.19512,19.80106
MX14038,-104.42156,20.67891
MX14039,-103.33581,20.67597
MX14040,-104.07541,21.05746
MX14041,-103.23399,22.31855
MX14042,-103.91621,22.58370
MX14043,-104.86306,19.51475
MX14044,-103.20754,20.39174
MX14045,-103.22781,20.89856
MX14046,-102.48934,21.19167
MX14047,-102.68567,20.28013
MX14048,-102.11987,20.63547
MX14049,-102.88109,19.32952
MX14050,-103.41718,20.31451
MX14051,-103.13521,20.48172
MX14052,-104.03666,20.05424
MX14053,-101.87966,21.49401
MX14054,-104.10032,19.84079
MX14055,-104.03077,20.90825
MX14056,-102.83866,19.52919
MX14057,-103.10784,20.02151
MX14058,-104.81406,20.57895
MX14059,-103.07253,19.89424
MX14060,-102.75353,21.26385
MX14061,-103.99443,22.22244
MX14062,-104.45292,20.50891
MX14063,-102.72405,20.39744
MX14064,-101.71512,21.81083
MX14065,-103.38186,19.14655
MX14066,-102.89472,20.27022
MX14067,-105.14906,20.69790
MX14068,-104.72284,19.80719
MX14069,-102.86824,19.80454
MX14070,-103.24680,20.53668
MX14071,-103.50015,21.04788
MX14072,-102.02346,20.97012
MX14073,-102.29435,21.26970
MX14074,-102.16348,20.99766
MX14075,-104.23205,20.82469
MX14076,-103.78501,21.59589
MX14077,-103.90514,20.44992
MX14078,-102.37962,20.99263
MX14079,-103.41719,19.85646
MX14080,-104.82612,20.85245
MX14081,-103.18128,22.19331
MX14082,-103.59464,19.86176
MX14083,-103.69249,20.61058
MX14084,-104.95348,20.29944
MX14085,-103.17929,19.68747
MX14086,-103.76547,19.94824
MX14087,-103.19253,19.22530
MX14088,-104.02418,20.25922
MX14089,-103.57526,20.09243
MX14090,-104.16553,20.14689
MX14091,-102.55448,21.48036
MX14092,-103.34715,20.10871
MX14093,-102.72084,20.81484
MX14094,-103.78096,21.11246
MX14095,-103.83239,20.67926
MX14096,-103.07107,20.11962
MX14097,-103.42594,20.48419
MX14098,-103.34891,20.59091
MX14099,-103.93057,19.55289
MX14100,-105.16475,19.97952
MX14101,-103.21390,20.61676
MX14102,-103.95018,19.84790
MX14103,-103.53509,19.43210
MX14104,-103.47857,21.95891
MX14105,-102.74872,20.54873
MX14106,-104.03316,19.68122
MX14107,-103.24204,20.14690
MX14108,-103.45726,19.47903
MX14109,-101.99718,21.15468
MX14110,-104.25572,19.99287
MX14111,-102.65096,21.04652
MX14112,-102.97262,19.83517
MX14113,-103.73891,19.70991
MX14114,-103.70886,20.38965
MX14115,-103.68666,22.02878
MX14116,-102.59359,21.66772
MX14117,-102.70123,21.15982
MX14118,-102.93366,21.13794
MX14119,-103.56806,20.23552
MX14120,-103.49418,20.79490
MX14121,-103.34578,19.62161
MX14122,-103.75834,19.51557
MX14123,-102.92497,20.46086
MX14124,-103.04884,20.63605
MX14125,-102.50640,20.76460
MX15001,-99.87153,19.97294
MX15002,-98.91987,19.63378
MX15003,-99.83335,20.11568
MX15004,-99.86680,18.83296
MX15005,-99.82945,19.40558
MX15006,-99.49187,19.15878
MX15007,-99.98839,19.25093
MX15008,-100.26680,18.70299
MX15009,-98.71649,19.12495
MX15010,-99.14790,19.98451
MX15011,-98.96157,19.54565
MX15012,-99.49998,19.17555
MX15013,-99.27404,19.56481
MX15014,-99.84601,19.80996
MX15015,-98.71706,19.03111
MX15016,-98.72130,19.76306
MX15017,-98.81636,19.12429
MX15018,-99.64328,19.16553
MX15019,-99.45974,19.20870
MX15020,-99.10240,19.62629
MX15021,-99.79826,18.94633
MX15022,-98.85889,19.22603
MX15023,-99.22221,19.78998
MX15024,-99.15942,19.70824
MX15025,-98.83170,19.25360
MX15026,-99.55094,19.82576
MX15027,-99.55045,19.20651
MX15028,-98.88338,19.57304
MX15029,-98.87811,19.40542
MX15030,-98.89670,19.55628
MX15031,-98.94717,19.41624
MX15032,-100.18484,19.31644
MX15033,-99.04321,19.57278
MX15034,-98.73665,18.96802
MX15035,-99.25503,19.82263
MX15036,-99.02801,19.95241
MX15037,-99.33953,19.38310
MX15038,-99.44038,19.55424
MX15039,-98.77905,19.34280
MX15040,-99.69084,18.85070
MX15041,-100.27785,19.25743
MX15042,-99.80696,19.58985
MX15043,-99.35927,19.16525
MX15044,-99.08893,19.73872
MX15045,-99.59657,20.01910
MX15046,-99.39044,19.50605
MX15047,-99.64160,19.58604
MX15048,-99.82348,19.71733
MX15049,-99.51448,19.06757
MX15050,-98.90408,19.09359
MX15051,-99.47486,19.34507
MX15052,-99.48564,18.88192
MX15053,-99.13355,19.70965
MX15054,-99.58837,19.24739
MX15055,-99.58402,19.21125
MX15056,-99.64177,19.74344
MX15057,-99.29261,19.47125
MX15058,-99.02270,19.42258
MX15059,-99.07452,19.72994
MX15060,-99.39173,19.62497
MX15061,-98.71709,19.81231
MX15062,-99.40664,19.25947
MX15063,-99.39642,19.00923
MX15064,-100.07549,19.79882
MX15065,-98.73839,19.65602
MX15066,-100.31895,19.10803
MX15067,-99.52729,19.45064
MX15068,-98.80962,19.02189
MX15069,-98.85786,19.55988
MX15070,-98.94770,19.36102
MX15071,-99.83168,20.22408
MX15072,-99.56708,19.13888
MX15073,-99.55129,19.16888
MX15074,-99.98252,19.65322
MX15075,-98.83219,19.71977
MX15076,-99.53969,19.26553
MX15077,-100.03687,18.98005
MX15078,-100.29981,19.17969
MX15079,-99.51387,20.05181
MX15080,-99.98920,18.73462
MX15081,-98.98651,19.70584
MX15082,-100.21309,18.87380
MX15083,-98.88378,19.18893
MX15084,-98.88107,19.81912
MX15085,-100.03700,19.92126
MX15086,-99.99659,19.08136
MX15087,-99.60247,19.48496
MX15088,-99.56922,18.96702
MX15089,-98.87015,19.15164
MX15090,-99.62926,19.08166
MX15091,-99.16818,19.76221
MX15092,-98.87066,19.68632
MX15093,-98.76547,19.56938
MX15094,-98.84128,19.00994
MX15095,-99.30619,19.72521
MX15096,-99.14959,19.90465
MX15097,-99.93930,18.93956
MX15098,-99.50643,19.12964
MX15099,-98.82779,19.47162
MX15100,-98.93101,19.59687
MX15101,-99.43216,19.16230
MX15102,-99.71804,19.89635
MX15103,-98.73197,19.20890
MX15104,-99.17015,19.54275
MX15105,-100.25708,18.54448
MX15106,-99.66641,19.29709
MX15107,-99.63756,18.78090
MX15108,-99.11965,19.67931
MX15109,-99.14529,19.62621
MX15110,-100.12195,19.17777
MX15111,-100.13756,19.38724
MX15112,-99.47843,19.72106
MX15113,-99.68773,18.97430
MX15114,-99.99213,19.44275
MX15115,-99.46760,19.43695
MX15116,-100.25611,19.06083
MX15117,-99.81281,18.71582
MX15118,-99.79770,19.21540
MX15119,-99.55409,18.80012
MX15120,-99.07182,19.80911
MX15121,-99.22519,19.65457
MX15122,-98.94836,19.27639
MX15123,-100.40648,18.94082
MX15124,-100.14533,19.61960
MX15125,-99.05837,19.68184
MX16001,-101.34000,19.46583
MX16002,-102.76109,18.77774
MX16003,-101.02176,19.87354
MX16004,-101.72776,20.13891
MX16005,-100.29853,19.62923
MX16006,-102.42332,18.93817
MX16007,-100.39543,19.66198
MX16008,-103.23575,18.37431
MX16009,-101.70667,19.15631
MX16010,-102.27069,18.36407
MX16011,-102.58980,20.23754
MX16012,-102.58387,19.20388
MX16013,-101.03631,18.96883
MX16014,-103.61533,18.74287
MX16015,-103.08597,18.67965
MX16016,-101.62725,19.79529
MX16017,-100.20759,19.95931
MX16018,-101.22140,19.91628
MX16019,-102.69996,19.75908
MX16020,-101.11182,19.98059
MX16021,-102.22797,19.69242
MX16022,-101.01331,19.66891
MX16023,-102.44671,20.04403
MX16024,-101.98974,19.73462
MX16025,-102.10117,19.81335
MX16026,-103.40894,18.76390
MX16027,-101.36219,19.89695
MX16028,-102.07803,20.12889
MX16029,-101.61623,18.68924
MX16030,-102.24342,20.15556
MX16031,-100.28934,20.14734
MX16032,-101.72521,19.61979
MX16033,-102.00714,19.15882
MX16034,-100.67790,19.61260
MX16035,-101.92116,18.84196
MX16036,-101.27777,19.99613
MX16037,-101.49648,19.89195
MX16038,-101.10506,18.65387
MX16039,-101.45706,19.52154
MX16040,-100.94216,19.76602
MX16041,-100.46800,19.71680
MX16042,-102.40572,20.15136
MX16043,-102.31600,19.93494
MX16044,-101.70439,19.92683
MX16045,-102.75341,19.97750
MX16046,-100.46018,19.29282
MX16047,-100.51869,19.43334
MX16048,-101.41119,19.57800
MX16049,-101.17022,19.34247
MX16050,-100.42895,19.88944
MX16051,-102.96783,20.04482
MX16052,-102.37653,18.08954
MX16053,-101.27912,19.66658
MX16054,-101.44300,19.98983
MX16055,-102.12380,18.97110
MX16056,-101.87955,19.64518
MX16057,-101.21593,19.09349
MX16058,-102.19573,19.40824
MX16059,-101.86368,19.15912
MX16060,-101.95975,20.25068
MX16061,-100.33277,19.57718
MX16062,-102.52574,20.14516
MX16063,-101.78165,20.00174
MX16064,-102.21229,19.06206
MX16065,-102.07105,19.65413
MX16066,-101.59902,19.49450
MX16067,-101.89561,20.10384
MX16068,-102.45261,19.49529
MX16069,-102.07231,20.30558
MX16070,-101.99201,19.91072
MX16071,-101.52803,20.11571
MX16072,-100.84677,19.72648
MX16073,-101.53867,19.69518
MX16074,-102.87923,20.11195
MX16075,-102.39534,19.65284
MX16076,-102.76630,20.05514
MX16077,-100.76288,18.56726
MX16078,-101.03889,20.03925
MX16079,-101.68808,19.38121
MX16080,-100.34233,19.74618
MX16081,-100.40687,19.19120
MX16082,-101.45202,19.25484
MX16083,-102.34701,19.33114
MX16084,-102.45365,19.89025
MX16085,-102.24868,19.87260
MX16086,-102.34178,20.25925
MX16087,-101.89511,19.32931
MX16088,-101.15753,19.81644
MX16089,-102.85833,19.06823
MX16090,-101.85065,19.51389
MX16091,-102.50042,19.78673
MX16092,-100.79538,19.05718
MX16093,-100.20658,19.77989
MX16094,-102.06088,20.00592
MX16095,-102.59370,19.64640
MX16096,-102.51005,18.55027
MX16097,-101.42212,18.93208
MX16098,-100.48788,19.56833
MX16099,-100.61795,19.22180
MX16100,-101.54953,19.60995
MX16101,-100.91401,19.43162
MX16102,-102.10565,19.44364
MX16103,-102.66620,20.14306
MX16104,-102.58640,19.99376
MX16105,-102.46983,20.26622
MX16106,-102.21951,20.29927
MX16107,-101.82787,19.82414
MX16108,-102.26407,20.03298
MX16109,-102.01155,20.18248
MX16110,-100.76929,19.87071
MX16111,-101.90904,19.42853
MX16112,-100.33795,19.43823
MX16113,-101.56693,20.25692
MX17001,-99.38668,18.59000
MX17002,-98.89450,18.93505
MX17003,-98.75211,18.52524
MX17004,-98.97798,18.71725
MX17005,-99.44578,18.73183
MX17006,-98.95696,18.83114
MX17007,-99.26304,18.93889
MX17008,-99.18090,18.81375
MX17009,-99.23663,19.05759
MX17010,-98.76471,18.68540
MX17011,-99.16646,18.88519
MX17012,-99.22125,18.58678
MX17013,-98.80941,18.66376
MX17014,-99.36541,18.68590
MX17015,-99.35518,18.80296
MX17016,-98.78096,18.88157
MX17017,-99.28567,18.57779
MX17018,-99.27223,18.84252
MX17019,-98.89425,18.57478
MX17020,-99.10518,18.98130
MX17021,-99.41239,18.69275
MX17022,-98.70820,18.90553
MX17023,-98.99024,19.03871
MX17024,-99.10825,18.70495
MX17025,-99.07473,18.49913
MX17026,-98.97505,18.95397
MX17027,-98.91803,19.00044
MX17028,-99.23529,18.76190
MX17029,-99.05093,18.86995
MX17030,-98.85801,18.85251
MX17031,-99.20680,18.65471
MX17032,-98.75380,18.80687
MX17033,-98.79050,18.75923
MX18001,-105.25851,22.46476
MX18002,-104.57634,21.04111
MX18003,-104.40145,20.84847
MX18004,-105.05668,21.13135
MX18005,-105.24422,22.78854
MX18006,-104.30696,21.03343
MX18007,-104.39932,21.18407
MX18008,-104.96176,21.39086
MX18009,-104.65711,22.12907
MX18010,-105.20211,22.11753
MX18011,-104.96256,21.99110
MX18012,-105.47399,21.57126
MX18013,-104.74880,21.16107
MX18014,-104.59033,21.35649
MX18015,-105.32128,21.85492
MX18016,-105.51465,22.34234
MX18017,-104.84049,21.62159
MX18018,-105.37272,21.96024
MX18019,-104.15089,21.54282
MX18020,-105.27100,20.84647
MX19001,-100.40594,25.94054
MX19002,-99.70308,26.29871
MX19003,-99.27348,26.09151
MX19004,-100.02952,25.30143
MX19005,-100.02536,27.34214
MX19006,-100.18733,25.79228
MX19007,-99.88651,24.22512
MX19008,-100.56179,26.57171
MX19009,-99.91419,25.52459
MX19010,-100.35683,25.90075
MX19011,-99.70536,26.07232
MX19012,-100.18544,25.97746
MX19013,-98.97241,25.48016
MX19014,-100.30627,23.86011
MX19015,-99.03087,25.96409
MX19016,-99.80498,25.84925
MX19017,-100.39229,24.76051
MX19018,-100.65976,25.80901
MX19019,-100.37476,25.64460
MX19020,-98.84842,25.80331
MX19021,-100.35557,25.82197
MX19022,-99.41302,25.27587
MX19023,-99.44597,26.21265
MX19024,-99.74017,23.90103
MX19025,-100.13482,25.91139
MX19026,-100.20578,25.67265
MX19027,-99.41424,25.91608
MX19028,-99.99751,26.03317
MX19029,-99.67810,24.88379
MX19030,-99.84872,24.63842
MX19031,-100.12148,25.61409
MX19032,-100.41822,27.05084
MX19033,-99.52922,24.85177
MX19034,-99.96462,25.87452
MX19035,-99.49348,26.04892
MX19036,-100.16041,23.41792
MX19037,-100.78628,26.28558
MX19038,-99.80838,25.12631
MX19039,-100.31100,25.64479
MX19040,-99.60155,26.58304
MX19041,-99.97713,25.73677
MX19042,-99.58767,25.65331
MX19043,-100.12773,25.06582
MX19044,-100.14929,26.57510
MX19045,-100.27038,26.16107
MX19046,-100.27069,25.73606
MX19047,-100.45319,25.99940
MX19048,-100.48386,25.57461
MX19049,-100.23732,25.38490
MX19050,-99.88476,26.64811
MX19051,-100.34807,26.46970
MX20001,-96.63384,17.49015
MX20002,-96.53957,18.45215
MX20003,-95.92691,17.03383
MX20004,-97.65271,17.92950
MX20005,-94.95645,16.66198
MX20006,-97.16779,17.44802
MX20007,-96.72576,16.76289
MX20008,-95.76620,16.22612
MX20009,-96.16680,17.71464
MX20010,-95.04304,16.78828
MX20011,-98.25386,17.54573
MX20012,-96.52777,15.89777
MX20013,-96.76637,16.89378
MX20014,-95.08933,16.62339
MX20015,-96.63581,16.51405
MX20016,-98.21718,17.21602
MX20017,-96.85146,16.57980
MX20018,-97.44280,17.99030
MX20019,-96.85392,17.86769
MX20020,-98.01049,17.06146
MX20021,-96.66188,18.57987
MX20022,-97.80167,18.13804
MX20023,-96.80143,17.00696
MX20024,-96.85731,17.96613
MX20025,-94.20465,16.27390
MX20026,-97.56233,16.98683
MX20027,-96.74874,17.99247
MX20028,-96.73139,16.59658
MX20029,-96.86927,18.19465
MX20030,-95.03954,16.46717
MX20031,-96.02216,17.03726
MX20032,-98.12917,17.92988
MX20033,-96.80208,17.17716
MX20034,-98.16430,17.75445
MX20035,-96.49911,17.31468
MX20036,-95.38939,16.83877
MX20037,-98.00992,16.92233
MX20038,-96.16018,17.18117
MX20039,-97.79985,17.85515
MX20040,-96.78393,18.07266
MX20041,-96.79993,18.14455
MX20042,-96.33935,17.49464
MX20043,-94.93694,16.44282
MX20044,-95.89104,18.00083
MX20045,-96.81524,17.24715
MX20046,-97.24206,17.26116
MX20047,-97.48179,17.80661
MX20048,-96.90875,16.89634
MX20049,-96.71497,16.70859
MX20050,-97.55388,17.24046
MX20051,-96.55749,16.89017
MX20052,-95.65531,16.34777
MX20053,-95.25267,16.51084
MX20054,-97.22491,17.39044
MX20055,-98.12365,17.82753
MX20056,-98.23680,16.54212
MX20057,-94.99097,17.15560
MX20058,-96.91095,18.02936
MX20059,-96.64608,16.34838
MX20060,-96.10405,17.16539
MX20061,-96.63098,16.37316
MX20062,-96.42625,17.30173
MX20063,-96.82935,17.18118
MX20064,-95.79416,16.66869
MX20065,-98.01436,17.50416
MX20066,-94.58807,16.51982
MX20067,-96.72412,17.10211
MX20068,-96.70340,16.76179
MX20069,-96.79389,16.62350
MX20070,-97.96607,16.40368
MX20071,-96.42789,15.91937
MX20072,-96.66507,16.67208
MX20073,-97.89361,16.99831
MX20074,-96.27026,16.30918
MX20075,-94.44581,16.39253
MX20076,-97.86337,16.64765
MX20077,-96.81907,17.20994
MX20078,-96.63615,17.00241
MX20079,-95.22044,16.19369
MX20080,-96.81380,16.51379
MX20081,-97.99341,17.58917
MX20082,-97.80468,16.44971
MX20083,-96.68559,16.99197
MX20084,-96.71826,17.20126
MX20085,-96.62082,15.97618
MX20086,-97.51574,17.19827
MX20087,-96.67946,17.08070
MX20088,-97.79208,16.84744
MX20089,-97.68874,17.69853
MX20090,-97.91751,16.34478
MX20091,-96.66729,17.12746
MX20092,-96.86492,17.05878
MX20093,-97.52934,17.58947
MX20094,-97.06316,17.23396
MX20095,-96.52495,16.21169
MX20096,-97.29611,17.48469
MX20097,-96.22330,17.27677
MX20098,-96.59952,17.94476
MX20099,-98.38643,17.65937
MX20100,-96.13239,17.29031
MX20101,-96.86063,16.60105
MX20102,-96.90298,17.18420
MX20103,-96.69254,16.81394
MX20104,-97.04504,16.83406
MX20105,-97.74397,17.51848
MX20106,-97.49560,17.74289
MX20107,-96.69182,17.02411
MX20108,-97.14296,16.92059
MX20109,-97.16451,18.14615
MX20110,-97.57366,17.15316
MX20111,-98.04783,16.54070
MX20112,-96.50737,16.76633
MX20113,-96.79618,16.03601
MX20114,-96.21061,17.22041
MX20115,-96.69562,16.94114
MX20116,-96.67552,18.05008
MX20117,-96.75482,15.94385
MX20118,-96.50006,16.89673
MX20119,-97.45258,17.22398
MX20120,-96.24324,17.24528
MX20121,-97.31416,17.58442
MX20122,-95.92803,16.42550
MX20123,-96.91718,16.84442
MX20124,-95.14618,16.35789
MX20125,-95.96223,16.41468
MX20126,-96.38301,16.30732
MX20127,-97.58108,17.28238
MX20128,-96.17495,17.35144
MX20129,-97.38362,17.72542
MX20130,-94.72892,16.37451
MX20131,-96.30206,16.78092
MX20132,-96.66418,16.74991
MX20133,-97.69198,17.07693
MX20134,-96.53510,18.06965
MX20135,-96.88523,17.09290
MX20136,-96.50710,17.82029
MX20137,-97.36768,16.85808
MX20138,-96.26465,17.18086
MX20139,-96.74520,17.90557
MX20140,-97.31436,17.41701
MX20141,-94.43101,16.22024
MX20142,-96.93618,18.19524
MX20143,-94.51308,16.35269
MX20144,-97.27508,17.34649
MX20145,-96.59582,17.02635
MX20146,-96.38013,16.37343
MX20147,-97.33403,17.36333
MX20148,-96.20195,16.09336
MX20149,-96.90585,16.51416
MX20150,-96.92812,17.37211
MX20151,-97.54353,17.89041
MX20152,-98.26333,17.47637
MX20153,-97.04526,16.05062
MX20154,-96.45374,16.28939
MX20155,-96.95604,16.59193
MX20156,-96.13700,17.37385
MX20157,-96.75743,17.09537
MX20158,-97.36596,16.50327
MX20159,-96.96964,16.20445
MX20160,-97.86887,17.80673
MX20161,-97.03578,17.39055
MX20162,-96.57139,16.70405
MX20163,-96.92903,18.15380
MX20164,-98.09158,17.68914
MX20165,-97.97218,17.95442
MX20166,-96.12365,17.91468
MX20167,-96.49329,16.28058
MX20168,-98.25632,16.37784
MX20169,-96.64249,18.25763
MX20170,-96.33497,16.40157
MX20171,-96.66804,18.16085
MX20172,-97.50055,17.35001
MX20173,-96.48837,17.46411
MX20174,-96.71620,16.98732
MX20175,-96.76857,17.58890
MX20176,-97.26241,17.72061
MX20177,-96.96902,17.74117
MX20178,-96.75914,17.23800
MX20179,-96.80748,17.43918
MX20180,-98.34379,16.51487
MX20181,-97.64328,18.00001
MX20182,-96.59242,17.87301
MX20183,-98.32222,17.59071
MX20184,-96.09180,18.02784
MX20185,-98.16342,16.64172
MX20186,-98.27072,17.86541
MX20187,-96.72865,18.05825
MX20188,-97.91067,16.49515
MX20189,-95.95656,17.32899
MX20190,-95.49678,17.31835
MX20191,-96.50734,17.27922
MX20192,-96.67165,16.82826
MX20193,-96.77925,17.32944
MX20194,-96.16135,16.89178
MX20195,-97.38965,17.27778
MX20196,-96.53932,17.40091
MX20197,-96.54153,16.95391
MX20198,-95.11217,17.05407
MX20199,-98.29025,17.76435
MX20200,-95.89104,16.87466
MX20201,-96.30173,17.32401
MX20202,-97.11697,16.20929
MX20203,-96.54578,16.56843
MX20204,-95.91791,16.51142
MX20205,-95.79131,17.49330
MX20206,-97.03924,18.04434
MX20207,-95.42077,17.13203
MX20208,-97.85588,17.33770
MX20209,-96.31318,16.24669
MX20210,-97.75489,17.42614
MX20211,-96.20880,16.10686
MX20212,-96.04773,17.48993
MX20213,-97.35483,16.34209
MX20214,-96.62625,17.66273
MX20215,-97.29179,17.44830
MX20216,-96.21851,17.31861
MX20217,-97.17102,17.11641
MX20218,-97.43002,17.07741
MX20219,-96.59774,16.89454
MX20220,-96.76249,17.73966
MX20221,-97.41576,17.58726
MX20222,-96.27995,17.44199
MX20223,-96.18215,17.41051
MX20224,-97.26898,17.52343
MX20225,-97.87786,16.41123
MX20226,-96.23848,16.89102
MX20227,-96.80356,17.12904
MX20228,-96.91728,18.21635
MX20229,-97.18647,16.52687
MX20230,-98.12383,17.63190
MX20231,-95.68977,16.93781
MX20232,-96.36252,18.03424
MX20233,-96.45350,16.87930
MX20234,-96.91589,18.11234
MX20235,-96.47893,16.45327
MX20236,-96.40399,16.04058
MX20237,-97.90380,17.73751
MX20238,-96.72607,16.65605
MX20239,-97.60896,17.39630
MX20240,-97.85578,17.21736
MX20241,-96.85418,16.61638
MX20242,-98.24503,17.36169
MX20243,-96.69192,16.87575
MX20244,-97.03090,18.10740
MX20245,-98.07095,17.81655
MX20246,-96.19697,17.15297
MX20247,-96.42088,17.31805
MX20248,-95.04771,16.20927
MX20249,-96.86895,18.14118
MX20250,-97.26291,17.42259
MX20251,-98.42139,17.64689
MX20252,-97.49478,17.14499
MX20253,-96.33879,15.97173
MX20254,-96.52523,16.12131
MX20255,-97.37111,17.00395
MX20256,-97.42951,17.80505
MX20257,-96.15076,17.24589
MX20258,-97.47352,17.30661
MX20259,-98.33213,17.68289
MX20260,-96.70427,17.43390
MX20261,-98.01944,17.88672
MX20262,-96.45641,17.20015
MX20263,-96.68014,16.16663
MX20264,-97.19822,17.62681
MX20265,-94.40986,16.65253
MX20266,-96.09628,15.94529
MX20267,-96.57439,17.32747
MX20268,-96.73661,16.59619
MX20269,-97.61587,17.07855
MX20270,-97.14618,17.75444
MX20271,-96.94786,16.75755
MX20272,-97.40049,16.23866
MX20273,-97.00974,16.94320
MX20274,-97.21636,16.98106
MX20275,-95.78022,16.97567
MX20276,-96.79768,17.91987
MX20277,-97.05818,16.51321
MX20278,-96.43942,18.25247
MX20279,-96.45843,16.08017
MX20280,-96.23184,17.36739
MX20281,-97.29105,17.37886
MX20282,-95.54782,16.23193
MX20283,-97.31488,17.82419
MX20284,-96.56436,16.77563
MX20285,-98.10827,16.44046
MX20286,-98.01070,17.44226
MX20287,-97.44601,17.75369
MX20288,-96.35341,17.34811
MX20289,-96.74466,16.43096
MX20290,-98.13262,17.77630
MX20291,-96.79001,16.17026
MX20292,-96.93903,16.94818
MX20293,-96.73375,17.16366
MX20294,-96.87360,17.30975
MX20295,-96.80660,16.81801
MX20296,-96.52162,17.52171
MX20297,-97.47129,17.00754
MX20298,-96.29489,16.96880
MX20299,-96.21716,17.12509
MX20300,-98.08367,16.67749
MX20301,-96.73403,16.74127
MX20302,-97.96946,16.51881
MX20303,-96.26206,17.16344
MX20304,-97.10983,17.52117
MX20305,-95.16654,16.46362
MX20306,-96.47169,16.01582
MX20307,-95.78208,15.97443
MX20308,-95.14752,16.24286
MX20309,-96.55145,18.15914
MX20310,-96.82695,17.05270
MX20311,-97.02658,17.68676
MX20312,-98.04210,16.46950
MX20313,-97.07150,17.75925
MX20314,-97.10907,16.31916
MX20315,-96.70425,16.74831
MX20316,-96.25359,16.44216
MX20317,-97.64381,17.45009
MX20318,-97.06951,15.94973
MX20319,-96.20958,16.21879
MX20320,-97.55184,17.10392
MX20321,-97.57686,17.81050
MX20322,-96.91129,18.18336
MX20323,-95.84079,16.97177
MX20324,-96.41281,15.78945
MX20325,-96.03445,16.76727
MX20326,-96.64090,17.81952
MX20327,-94.19122,16.30816
MX20328,-96.53397,16.64391
MX20329,-97.27480,16.99571
MX20330,-96.62867,17.99028
MX20331,-97.39130,17.33735
MX20332,-97.35744,17.45525
MX20333,-96.22921,16.66284
MX20334,-97.53482,16.08038
MX20335,-96.38067,17.42313
MX20336,-96.47947,17.63339
MX20337,-96.13498,17.02174
MX20338,-96.79318,17.19519
MX20339,-97.50641,17.50787
MX20340,-97.70629,18.08849
MX20341,-97.48085,17.57723
MX20342,-96.75475,16.98200
MX20343,-96.60332,16.98468
MX20344,-96.87125,16.08851
MX20345,-98.14954,16.52593
MX20346,-97.67439,17.51996
MX20347,-96.42338,16.20508
MX20348,-98.09364,17.34524
MX20349,-96.63342,16.95177
MX20350,-96.67971,17.04530
MX20351,-96.72652,16.40190
MX20352,-97.99814,17.83536
MX20353,-96.73028,16.33427
MX20354,-96.88847,18.22475
MX20355,-96.80116,17.98978
MX20356,-96.46540,17.01152
MX20357,-95.88381,16.60425
MX20358,-96.86156,16.74308
MX20359,-96.62215,17.39622
MX20360,-96.73193,16.83640
MX20361,-96.24175,16.32961
MX20362,-96.64821,16.29492
MX20363,-96.57709,17.21380
MX20364,-97.29619,16.17734
MX20365,-96.49846,17.18051
MX20366,-96.71877,16.07096
MX20367,-97.83913,16.33971
MX20368,-96.61269,16.79147
MX20369,-96.73208,16.88335
MX20370,-97.55142,17.33469
MX20371,-97.53435,17.06185
MX20372,-97.67265,17.00782
MX20373,-97.55663,18.02075
MX20374,-96.88305,18.15750
MX20375,-96.68509,17.04859
MX20376,-98.21534,17.57055
MX20377,-97.68136,16.72821
MX20378,-96.90534,16.79000
MX20379,-97.71832,17.15490
MX20380,-96.58383,16.95251
MX20381,-98.16438,17.82144
MX20382,-97.46236,16.91813
MX20383,-97.56795,17.37670
MX20384,-96.67814,16.33731
MX20385,-96.74860,17.01902
MX20386,-97.48478,16.46935
MX20387,-96.79318,16.78172
MX20388,-96.85463,16.92174
MX20389,-96.75894,16.80582
MX20390,-96.69111,17.06498
MX20391,-96.62066,16.18082
MX20392,-97.73215,16.94319
MX20393,-96.66866,16.72468
MX20394,-95.84652,17.07918
MX20395,-97.08021,17.62471
MX20396,-96.81726,18.10335
MX20397,-97.69139,17.23139
MX20398,-96.89208,16.67746
MX20399,-96.78645,17.08820
MX20400,-97.64995,17.86962
MX20401,-96.92199,15.86206
MX20402,-98.31271,16.42893
MX20403,-96.71020,16.97062
MX20404,-97.26065,17.56576
MX20405,-97.63801,17.59384
MX20406,-96.74620,18.29307
MX20407,-94.38860,16.94692
MX20408,-97.60512,17.34369
MX20409,-96.63430,17.02924
MX20410,-95.86506,16.23336
MX20411,-96.61278,16.99284
MX20412,-95.35195,16.73667
MX20413,-96.22349,15.79646
MX20414,-97.92636,16.20881
MX20415,-97.99832,16.61488
MX20416,-97.15842,17.85042
MX20417,-96.13158,17.84985
MX20418,-95.47423,16.51582
MX20419,-96.54173,17.36274
MX20420,-97.04093,16.73757
MX20421,-95.27547,16.42469
MX20422,-97.33241,17.64629
MX20423,-97.50136,17.40771
MX20424,-96.34927,16.09912
MX20425,-96.78378,17.80729
MX20426,-97.03343,17.04844
MX20427,-95.07198,16.88462
MX20428,-96.05190,16.30455
MX20429,-97.02992,16.56093
MX20430,-97.39526,17.13752
MX20431,-97.09896,17.95356
MX20432,-96.15810,17.37900
MX20433,-97.18103,16.16478
MX20434,-96.97159,18.17420
MX20435,-95.98912,16.95131
MX20436,-97.05049,17.72237
MX20437,-96.05368,17.11428
MX20438,-96.73712,17.92137
MX20439,-96.68186,15.77296
MX20440,-95.61527,16.62293
MX20441,-95.02639,16.36349
MX20442,-96.29629,17.27107
MX20443,-96.41136,17.20118
MX20444,-97.46031,16.88221
MX20445,-97.50000,17.10744
MX20446,-97.80328,17.03512
MX20447,-97.97374,16.77872
MX20448,-97.35910,16.64276
MX20449,-96.37041,16.55904
MX20450,-97.52084,16.63156
MX20451,-97.13619,17.64969
MX20452,-96.72732,16.79619
MX20453,-95.61215,15.97758
MX20454,-95.92169,17.09626
MX20455,-97.97432,17.91950
MX20456,-97.73445,17.73110
MX20457,-96.16646,17.52749
MX20458,-96.39464,17.61592
MX20459,-97.71939,18.19986
MX20460,-95.91607,17.37643
MX20461,-98.10138,17.43084
MX20462,-97.68911,17.80345
MX20463,-97.04697,17.48626
MX20464,-97.44830,17.88109
MX20465,-95.58207,16.92771
MX20466,-97.69832,16.53818
MX20467,-97.78517,16.20230
MX20468,-95.98259,17.65574
MX20469,-98.01877,17.19417
MX20470,-95.52612,16.77369
MX20471,-96.25065,17.41453
MX20472,-95.26114,16.62311
MX20473,-96.32594,17.20042
MX20474,-98.26082,16.48537
MX20475,-96.42275,16.82978
MX20476,-97.71957,17.98174
MX20477,-97.26635,16.43954
MX20478,-96.91203,17.52329
MX20479,-97.38695,17.42836
MX20480,-97.70130,17.33507
MX20481,-97.75979,17.00647
MX20482,-98.12090,16.29409
MX20483,-96.91039,17.23132
MX20484,-98.23470,17.73407
MX20485,-98.46598,16.33310
MX20486,-97.46376,17.66620
MX20487,-96.99858,17.28942
MX20488,-97.39734,17.79208
MX20489,-97.67743,16.34169
MX20490,-96.97875,18.21513
MX20491,-97.30915,16.72113
MX20492,-97.35343,17.21022
MX20493,-97.31488,17.46770
MX20494,-96.97126,17.02713
MX20495,-96.21861,16.00453
MX20496,-96.39380,17.27238
MX20497,-97.23789,16.20856
MX20498,-95.49063,17.49927
MX20499,-97.57444,17.46982
MX20500,-97.53114,16.85048
MX20501,-98.22060,17.61436
MX20502,-95.88493,17.19425
MX20503,-96.25157,17.21686
MX20504,-96.64658,17.26107
MX20505,-94.73156,16.57961
MX20506,-96.21036,17.07122
MX20507,-98.36462,16.32897
MX20508,-95.17369,16.62998
MX20509,-96.63441,15.83355
MX20510,-97.52395,16.90909
MX20511,-97.06675,17.17380
MX20512,-96.31441,16.17597
MX20513,-95.21867,16.85408
MX20514,-96.07091,17.33222
MX20515,-95.39161,16.22176
MX20516,-97.27723,16.57573
MX20517,-96.07778,16.93255
MX20518,-97.34052,17.40180
MX20519,-96.59089,17.07202
MX20520,-97.98596,17.68135
MX20521,-97.35339,17.60727
MX20522,-96.29135,17.12522
MX20523,-97.34822,17.53297
MX20524,-97.70073,17.63446
MX20525,-94.33232,16.46454
MX20526,-97.18832,16.08075
MX20527,-96.87526,17.79368
MX20528,-97.95026,17.42283
MX20529,-98.00591,17.77241
MX20530,-96.63769,16.86657
MX20531,-96.91193,17.14687
MX20532,-97.78217,17.11442
MX20533,-96.58044,16.24183
MX20534,-96.83352,16.37277
MX20535,-97.03822,16.65242
MX20536,-97.43560,17.43035
MX20537,-98.14392,17.56075
MX20538,-96.53879,16.36024
MX20539,-96.82630,17.16067
MX20540,-97.58023,17.69030
MX20541,-96.29401,17.38414
MX20542,-96.76931,16.57131
MX20543,-97.53494,16.30965
MX20544,-96.67070,17.32776
MX20545,-97.11221,18.10738
MX20546,-96.51729,17.05567
MX20547,-97.53851,17.74864
MX20548,-97.30109,18.00688
MX20549,-97.85850,17.58224
MX20550,-96.54870,17.00772
MX20551,-96.35935,16.87358
MX20552,-97.47554,17.87201
MX20553,-96.61639,17.09413
MX20554,-96.02113,17.24502
MX20555,-96.79236,16.92951
MX20556,-97.50147,17.77718
MX20557,-94.82312,16.48737
MX20558,-96.98823,17.76505
MX20559,-96.33477,17.79731
MX20560,-96.38020,17.05789
MX20561,-96.44800,16.70865
MX20562,-97.39501,17.37853
MX20563,-96.79782,16.44235
MX20564,-97.29644,17.07731
MX20565,-96.76657,16.94968
MX20566,-97.38217,16.78048
MX20567,-98.39696,17.77617
MX20568,-97.83489,17.88251
MX20569,-97.14140,17.27489
MX20570,-97.03469,16.78025
MX21001,-97.93983,19.10330
MX21002,-97.22980,20.10915
MX21003,-98.10640,18.15893
MX21004,-97.76498,19.02611
MX21005,-98.67909,18.75939
MX21006,-97.86768,20.02695
MX21007,-98.28281,18.57566
MX21008,-98.13362,20.06116
MX21009,-98.19112,18.23129
MX21010,-97.12561,18.42157
MX21011,-98.54711,18.01069
MX21012,-97.51742,19.10260
MX21013,-97.30037,18.35634
MX21014,-97.80068,20.05581
MX21015,-98.05311,19.04728
MX21016,-97.93024,19.77229
MX21017,-97.44091,19.81168
MX21018,-97.69008,18.37557
MX21019,-98.45229,18.89907
MX21020,-97.90907,18.80601
MX21021,-98.54172,18.54704
MX21022,-98.60777,18.82308
MX21023,-97.30399,18.93379
MX21024,-98.39351,18.18468
MX21025,-97.40878,20.08399
MX21026,-98.47622,19.10644
MX21027,-97.48684,18.14269
MX21028,-97.75295,20.03083
MX21029,-97.60630,20.07349
MX21030,-97.73105,20.05515
MX21031,-98.16492,18.57117
MX21032,-98.78853,18.19049
MX21033,-98.71821,18.74582
MX21034,-98.29175,19.13523
MX21035,-97.11723,18.24559
MX21036,-96.96594,18.28235
MX21037,-97.81295,18.40133
MX21038,-97.82638,18.92019
MX21039,-97.79213,19.91357
MX21040,-98.04510,18.96165
MX21041,-98.25608,19.11672
MX21042,-98.18899,18.44567
MX21043,-97.50058,20.02798
MX21044,-97.57326,19.59666
MX21045,-97.42971,18.97734
MX21046,-97.40364,18.63964
MX21047,-98.60062,18.27650
MX21048,-98.51334,19.19560
MX21049,-97.96598,20.08875
MX21050,-97.07009,19.20472
MX21051,-98.62591,18.51037
MX21052,-98.05935,18.64880
MX21053,-98.13474,19.82102
MX21054,-97.43656,19.73556
MX21055,-97.87924,17.96025
MX21056,-98.47001,18.13956
MX21057,-98.23888,20.26016
MX21058,-97.21356,19.25827
MX21059,-98.27959,18.23293
MX21060,-98.44114,19.13217
MX21061,-96.92670,18.50678
MX21062,-98.37626,18.61559
MX21063,-97.36463,18.85903
MX21064,-97.81316,20.71054
MX21065,-97.66751,19.02072
MX21066,-98.15115,18.04838
MX21067,-97.38013,19.31642
MX21068,-97.73118,20.11676
MX21069,-98.51717,18.76929
MX21070,-98.06784,18.68379
MX21071,-98.05174,20.16621
MX21072,-97.61947,20.10153
MX21073,-98.73040,18.37705
MX21074,-98.44878,19.16712
MX21075,-97.40113,19.92183
MX21076,-97.31017,20.03061
MX21077,-97.68416,20.04315
MX21078,-97.71330,19.94375
MX21079,-97.85963,18.76693
MX21080,-97.62733,20.01469
MX21081,-98.71232,18.03444
MX21082,-97.83349,18.48166
MX21083,-97.85830,19.62405
MX21084,-97.64144,20.04064
MX21085,-98.44701,18.50192
MX21086,-97.87595,20.45615
MX21087,-98.91566,18.30720
MX21088,-97.52648,20.07868
MX21089,-97.77798,20.20640
MX21090,-98.34546,19.11933
MX21091,-97.99659,20.22370
MX21092,-97.73988,18.53209
MX21093,-97.29372,19.28110
MX21094,-97.67614,19.46915
MX21095,-98.10249,18.74182
MX21096,-97.69201,19.15112
MX21097,-97.89171,18.90772
MX21098,-97.86981,18.66862
MX21099,-97.42813,18.73316
MX21100,-98.10286,20.24527
MX21101,-97.58899,19.96307
MX21102,-98.44712,19.06120
MX21103,-97.33754,18.62752
MX21104,-97.83330,19.19062
MX21105,-97.67382,19.55552
MX21106,-98.31914,18.93167
MX21107,-97.67182,20.11243
MX21108,-97.58344,19.32650
MX21109,-98.13737,20.29327
MX21110,-97.53558,18.83501
MX21111,-97.87683,20.55491
MX21112,-97.91588,18.06912
MX21113,-98.27075,18.11397
MX21114,-98.17554,19.00862
MX21115,-97.63447,18.94816
MX21116,-97.11339,19.25374
MX21117,-97.81653,19.24794
MX21118,-97.82390,18.96244
MX21119,-98.29324,19.02362
MX21120,-97.27369,18.49701
MX21121,-98.33586,18.76741
MX21122,-98.52594,19.23152
MX21123,-97.78676,20.11152
MX21124,-97.38397,18.31813
MX21125,-98.34562,19.01049
MX21126,-98.39375,19.03492
MX21127,-97.92169,18.19850
MX21128,-97.72857,19.25467
MX21129,-97.29007,18.22887
MX21130,-97.55189,19.04707
MX21131,-98.03049,18.74480
MX21132,-98.42851,19.26896
MX21133,-98.35524,18.65772
MX21134,-98.50282,19.34665
MX21135,-97.76989,18.01192
MX21136,-98.30645,19.17266
MX21137,-97.49750,19.22310
MX21138,-98.56693,19.07943
MX21139,-98.13894,18.14194
MX21140,-98.34313,19.07296
MX21141,-98.04404,18.04067
MX21142,-97.61392,19.15395
MX21143,-98.56134,19.24459
MX21144,-97.77233,18.92652
MX21145,-96.82880,18.37958
MX21146,-98.07914,18.61590
MX21147,-98.04927,18.40330
MX21148,-98.38532,18.97483
MX21149,-97.42487,18.55546
MX21150,-98.15696,18.75718
MX21151,-97.86522,18.88752
MX21152,-97.74609,19.12066
MX21153,-97.96823,18.88700
MX21154,-97.73122,18.85930
MX21155,-98.31434,18.05290
MX21156,-97.44508,18.46129
MX21157,-98.30395,18.35319
MX21158,-97.40160,20.18920
MX21159,-98.25060,18.72946
MX21160,-98.83874,18.45046
MX21161,-97.54302,18.55390
MX21162,-97.78433,20.00846
MX21163,-98.00360,19.14522
MX21164,-97.87616,19.01193
MX21165,-98.63294,18.73975
MX21166,-98.43127,18.72177
MX21167,-97.85304,19.94949
MX21168,-98.65400,18.64632
MX21169,-97.93734,18.49675
MX21170,-97.46328,19.47961
MX21171,-97.86668,18.80631
MX21172,-97.78573,19.81821
MX21173,-97.44936,19.85437
MX21174,-97.35858,19.86381
MX21175,-98.47915,19.00019
MX21176,-98.54199,18.61430
MX21177,-97.62888,18.65564
MX21178,-97.99620,20.37774
MX21179,-97.35209,19.13359
MX21180,-98.58532,19.36228
MX21181,-98.34284,19.15650
MX21182,-97.88532,18.85701
MX21183,-97.90981,20.16731
MX21184,-97.83828,20.12982
MX21185,-98.53620,18.68996
MX21186,-97.49935,19.84214
MX21187,-98.04887,20.39983
MX21188,-98.61221,18.92247
MX21189,-97.82120,18.82845
MX21190,-97.84805,18.29154
MX21191,-98.39756,17.97508
MX21192,-97.53058,20.10382
MX21193,-98.04174,18.81620
MX21194,-97.68724,20.50835
MX21195,-97.18206,18.53035
MX21196,-97.94652,18.27825
MX21197,-97.90263,20.32662
MX21198,-98.60058,18.09563
MX21199,-97.35992,19.72254
MX21200,-97.64678,19.84795
MX21201,-98.33696,18.65810
MX21202,-97.65361,19.93889
MX21203,-97.77793,18.69581
MX21204,-97.44248,19.91962
MX21205,-97.67811,18.76752
MX21206,-98.05248,18.58008
MX21207,-97.58127,19.85437
MX21208,-97.99901,19.96492
MX21209,-97.52190,18.27742
MX21210,-97.69261,20.00415
MX21211,-97.56857,19.74726
MX21212,-97.68269,19.71430
MX21213,-97.79830,20.29910
MX21214,-97.22247,18.32744
MX21215,-97.76052,19.97654
MX21216,-97.56685,20.03337
MX21217,-96.97867,18.37711
MX22001,-100.09863,20.17491
MX22002,-99.59269,21.14174
MX22003,-99.63560,21.40924
MX22004,-99.65703,20.79138
MX22005,-100.10057,20.75827
MX22006,-100.44107,20.48544
MX22007,-99.86669,20.64928
MX22008,-100.31421,20.40384
MX22009,-99.33159,21.37457
MX22010,-99.19183,21.25769
MX22011,-100.27862,20.72023
MX22012,-100.17243,20.47196
MX22013,-99.82995,21.09767
MX22014,-100.45271,20.72881
MX22015,-99.52076,20.98267
MX22016,-100.00038,20.36891
MX22017,-99.95256,20.55117
MX22018,-99.93444,20.91796
MX23001,-86.90855,20.44478
MX23002,-88.05738,19.66219
MX23003,-86.99928,21.36915
MX23004,-88.54509,18.70421
MX23005,-87.04697,21.01236
MX23006,-88.81219,19.65116
MX23007,-87.39925,21.05736
MX23008,-87.39782,20.58697
MX23009,-87.66874,20.30847
MX24001,-101.25331,22.45053
MX24002,-99.61950,22.09993
MX24003,-99.11196,21.72362
MX24004,-100.63783,22.26961
MX24005,-99.67599,21.99052
MX24006,-101.05652,23.64550
MX24007,-100.67375,23.93035
MX24008,-100.27734,22.44478
MX24009,-100.77776,22.19248
MX24010,-99.71753,22.43915
MX24011,-100.21158,22.01581
MX24012,-98.95970,21.63166
MX24013,-99.06316,22.10739
MX24014,-98.90583,21.51499
MX24015,-101.12138,23.21914
MX24016,-98.51422,22.20423
MX24017,-100.30371,22.86653
MX24018,-98.98318,21.52601
MX24019,-99.60950,21.61493
MX24020,-100.58727,23.51336
MX24021,-101.15669,22.25904
MX24022,-101.17107,22.73335
MX24023,-99.61681,21.82410
MX24024,-100.03452,21.96193
MX24025,-101.62914,22.79812
MX24026,-98.84154,21.62921
MX24027,-99.89558,21.57615
MX24028,-100.96089,22.27048
MX24029,-98.61950,21.39979
MX24030,-100.45777,22.16951
MX24031,-99.40603,21.58855
MX24032,-100.55423,21.76798
MX24033,-101.68111,23.34962
MX24034,-98.59785,21.79979
MX24035,-100.85513,22.27163
MX24036,-99.35610,21.93315
MX24037,-98.78472,21.24131
MX24038,-98.74574,21.41765
MX24039,-98.77066,21.55458
MX24040,-98.73533,22.09362
MX24041,-98.82610,21.72279
MX24042,-98.66472,21.60729
MX24043,-100.49742,21.66424
MX24044,-100.91406,24.11052
MX24045,-101.09512,22.92514
MX24046,-101.27315,21.96862
MX24047,-100.71757,23.21268
MX24048,-100.75687,23.66492
MX24049,-101.91631,22.93242
MX24050,-100.98154,21.85176
MX24051,-100.67341,22.64076
MX24052,-100.19735,22.28923
MX24053,-98.86921,21.42618
MX24054,-99.02541,21.38589
MX24055,-100.67672,22.00817
MX24056,-100.80439,22.65993
MX24057,-98.83735,21.32933
MX24058,-99.36599,22.49010
MX25001,-109.12890,25.91677
MX25002,-108.13007,25.17916
MX25003,-107.39596,25.59085
MX25004,-105.99179,23.41417
MX25005,-106.79944,24.48148
MX25006,-107.25945,24.66256
MX25007,-108.27704,26.68031
MX25008,-106.84079,24.04366
MX25009,-105.68522,22.72868
MX25010,-108.67900,26.25532
MX25011,-108.53689,25.54206
MX25012,-106.30548,23.46985
MX25013,-107.77959,25.35992
MX25014,-105.80506,23.05637
MX25015,-108.07605,25.41846
MX25016,-106.36995,23.95470
MX25017,-108.11032,25.96879
MX25018,-107.76065,24.73997
MX26001,-110.22237,29.79622
MX26002,-109.19744,31.10442
MX26003,-108.87697,27.05106
MX26004,-111.92492,31.17564
MX26005,-109.05044,28.87281
MX26006,-110.18931,30.41089
MX26007,-111.54490,30.81602
MX26008,-109.08769,29.84534
MX26009,-109.38562,28.89300
MX26010,-108.81975,30.31032
MX26011,-109.97909,30.66971
MX26012,-110.15915,27.74445
MX26013,-110.27327,30.06101
MX26014,-110.11981,29.62462
MX26015,-109.00649,30.61782
MX26016,-111.21141,30.17022
MX26017,-112.53956,30.82473
MX26018,-109.88617,27.79614
MX26019,-110.23532,30.98846
MX26020,-111.07228,29.71958
MX26021,-110.38270,28.72431
MX26022,-110.63058,30.41154
MX26023,-109.80995,30.06740
MX26024,-109.37681,29.61541
MX26025,-110.66871,28.00852
MX26026,-109.68469,27.01575
MX26027,-109.64791,30.84852
MX26028,-109.31238,29.76114
MX26029,-110.62594,28.14473
MX26030,-111.47265,29.02421
MX26031,-108.91534,30.12314
MX26032,-109.38141,29.97551
MX26033,-109.40992,26.65932
MX26034,-110.24517,29.93031
MX26035,-110.74578,30.84734
MX26036,-111.02144,30.73138
MX26037,-110.20964,28.96007
MX26038,-109.72379,29.72856
MX26039,-109.95714,31.22946
MX26040,-108.85201,29.63527
MX26041,-109.47992,30.48674
MX26042,-109.40273,27.07810
MX26043,-111.00256,31.19864
MX26044,-109.49211,28.45730
MX26045,-110.82048,30.02923
MX26046,-111.65535,30.76160
MX26047,-112.09383,29.95209
MX26048,-113.29266,31.52938
MX26049,-109.36487,27.57899
MX26050,-110.54498,29.75353
MX26051,-109.31843,28.03261
MX26052,-108.99410,29.01000
MX26053,-110.32936,29.87643
MX26054,-109.75870,28.60953
MX26055,-114.35121,32.01694
MX26056,-110.79864,29.46302
MX26057,-109.67114,29.26580
MX26058,-111.05899,30.45164
MX26059,-110.54881,31.19202
MX26060,-111.45402,31.28126
MX26061,-109.61169,28.78977
MX26062,-109.88653,28.39163
MX26063,-109.52793,29.47223
MX26064,-111.58157,30.31206
MX26065,-111.40283,30.92133
MX26066,-110.32920,29.34217
MX26067,-109.33383,30.23418
MX26068,-109.97059,29.08681
MX26069,-108.96525,28.41983
MX26070,-112.90886,31.71961
MX26071,-109.83981,27.11302
MX26072,-110.34247,27.36038
MX27001,-91.31173,17.80485
MX27002,-93.64099,18.15714
MX27003,-92.58187,18.36401
MX27004,-92.86133,18.00880
MX27005,-93.33670,18.28693
MX27006,-93.22130,18.07745
MX27007,-91.67578,17.70512
MX27008,-93.70099,17.82586
MX27009,-92.78702,17.76359
MX27010,-93.08388,18.21327
MX27011,-92.14296,18.07775
MX27012,-92.45796,17.84357
MX27013,-92.94866,18.18775
MX27014,-93.21440,18.37864
MX27015,-92.73260,17.52823
MX27016,-92.95238,17.62331
MX27017,-91.29358,17.42639
MX28001,-98.26829,24.13399
MX28002,-98.04096,23.00961
MX28003,-98.08286,22.54211
MX28004,-99.07978,22.56231
MX28005,-98.84646,24.92858
MX28006,-99.87268,23.32680
MX28007,-98.85910,26.18357
MX28008,-98.61642,23.53941
MX28009,-97.82924,22.28036
MX28010,-98.44013,24.62857
MX28011,-99.17852,23.00670
MX28012,-98.55449,22.78643
MX28013,-99.08671,23.88548
MX28014,-99.48297,26.90419
MX28015,-98.64126,26.13630
MX28016,-99.38052,24.19554
MX28017,-99.41266,23.47843
MX28018,-98.52027,24.26228
MX28019,-98.85737,23.27202
MX28020,-99.56443,24.58793
MX28021,-98.83319,22.57185
MX28022,-97.53836,25.66637
MX28023,-98.44004,25.22376
MX28024,-99.25689,26.41508
MX28025,-99.06738,26.23856
MX28026,-99.77391,23.61912
MX28027,-99.67384,27.47578
MX28028,-99.20404,22.50754
MX28029,-99.33586,22.82980
MX28030,-98.84612,24.02261
MX28031,-99.56529,23.27178
MX28032,-98.37336,25.81014
MX28033,-98.03785,25.74438
MX28034,-98.97582,24.47585
MX28035,-98.00384,24.89803
MX28036,-98.76967,24.63196
MX28037,-98.05160,23.76602
MX28038,-97.90166,22.27918
MX28039,-99.77626,22.93989
MX28040,-97.84480,25.70068
MX28041,-99.16665,23.69702
MX28042,-99.36003,24.56059
MX28043,-98.93152,23.00571
MX29001,-98.18152,19.36207
MX29002,-98.19468,19.35150
MX29003,-98.18293,19.54506
MX29004,-97.79266,19.41203
MX29005,-98.12725,19.42326
MX29006,-98.58936,19.56096
MX29007,-97.67432,19.33571
MX29008,-97.76592,19.33219
MX29009,-98.09163,19.34999
MX29010,-98.13111,19.28976
MX29011,-98.23348,19.50609
MX29012,-98.43685,19.44446
MX29013,-97.93643,19.33244
MX29014,-98.34227,19.48821
MX29015,-98.38330,19.35611
MX29016,-97.91135,19.25758
MX29017,-98.16432,19.19175
MX29018,-98.13339,19.31996
MX29019,-98.37922,19.28196
MX29020,-98.45254,19.53306
MX29021,-98.55403,19.49983
MX29022,-98.17052,19.21687
MX29023,-98.33196,19.23331
MX29024,-98.28415,19.35212
MX29025,-98.14036,19.15612
MX29026,-98.13057,19.35294
MX29027,-98.19028,19.15075
MX29028,-98.11630,19.22285
MX29029,-98.22845,19.24707
MX29030,-97.93447,19.48399
MX29031,-98.07635,19.48224
MX29032,-98.28744,19.23389
MX29033,-98.23666,19.30953
MX29034,-98.17702,19.62013
MX29035,-98.01615,19.38884
MX29036,-98.24856,19.33614
MX29037,-97.92674,19.21168
MX29038,-98.08523,19.38072
MX29039,-98.02915,19.41617
MX29040,-98.23956,19.43020
MX29041,-98.19723,19.17226
MX29042,-98.24134,19.17119
MX29043,-98.17791,19.40224
MX29044,-98.26038,19.19385
MX29045,-98.40914,19.59513
MX29046,-97.92597,19.56378
MX29047,-97.99078,19.53329
MX29048,-98.19141,19.27806
MX29049,-98.29850,19.28618
MX29050,-98.08404,19.25711
MX29051,-98.26414,19.24815
MX29052,-98.04931,19.32361
MX29053,-98.25406,19.23471
MX29054,-98.26105,19.21722
MX29055,-98.25556,19.49125
MX29056,-98.33322,19.29701
MX29057,-98.31345,19.24593
MX29058,-98.21641,19.19342
MX29059,-98.20459,19.21124
MX29060,-98.20658,19.26246
MX30001,-97.04423,19.56471
MX30002,-96.84018,19.69171
MX30003,-95.03261,18.03668
MX30004,-96.52893,19.54610
MX30005,-95.80048,18.55172
MX30006,-97.27642,18.71615
MX30007,-96.56902,19.01088
MX30008,-97.13568,19.09773
MX30009,-96.58350,19.71769
MX30010,-97.12733,19.77627
MX30011,-95.85520,18.80834
MX30012,-95.68884,18.43159
MX30013,-97.68539,21.31317
MX30014,-96.87617,18.85975
MX30015,-95.39233,18.60202
MX30016,-96.30922,19.30992
MX30017,-96.67004,19.33823
MX30018,-97.32424,18.78889
MX30019,-97.10034,18.56176
MX30020,-97.10793,18.67911
MX30021,-96.79654,18.92793
MX30022,-97.07789,18.94433
MX30023,-97.11576,19.90813
MX30024,-96.82480,19.28846
MX30025,-97.18310,19.40240
MX30026,-96.94294,19.58679
MX30027,-98.17863,20.81924
MX30028,-96.12146,19.11722
MX30029,-97.17827,19.11327
MX30030,-97.16340,18.79043
MX30031,-96.58192,18.81662
MX30032,-95.02593,18.43308
MX30033,-97.28619,20.71429
MX30034,-97.76923,21.18737
MX30035,-97.88876,21.34277
MX30036,-96.94980,19.67621
MX30037,-97.70580,20.26912
MX30038,-96.93055,19.44755
MX30039,-94.39161,18.13218
MX30040,-97.53741,20.42746
MX30041,-96.92152,18.77541
MX30042,-96.70518,19.93352
MX30043,-96.68554,19.13917
MX30044,-96.93846,18.93237
MX30045,-95.97281,18.30282
MX30046,-96.96714,19.33145
MX30047,-97.08947,19.05332
MX30048,-94.57080,18.01503
MX30049,-96.36619,18.86269
MX30050,-97.55030,20.21463
MX30051,-97.66568,20.33842
MX30052,-96.82091,18.76756
MX30053,-96.65952,18.77630
MX30054,-95.80661,18.21242
MX30055,-98.33702,21.19658
MX30056,-98.46718,21.25380
MX30057,-96.77459,19.75440
MX30058,-98.04062,21.00325
MX30059,-94.70118,18.05983
MX30060,-97.66898,21.37645
MX30061,-93.95669,17.53545
MX30062,-97.03953,19.00061
MX30063,-97.97834,21.38622
MX30064,-97.58507,20.22281
MX30065,-96.73144,19.44001
MX30066,-97.49682,20.27593
MX30067,-97.69908,20.20528
MX30068,-96.99007,18.90215
MX30069,-97.10966,20.44649
MX30070,-94.62022,17.55320
MX30071,-96.93977,19.13680
MX30072,-98.46760,20.51771
MX30073,-95.15482,18.19711
MX30074,-97.13310,18.81731
MX30075,-95.96549,18.66871
MX30076,-98.42648,20.78128
MX30077,-95.55840,18.08215
MX30078,-98.02100,21.23860
MX30079,-97.09227,19.36557
MX30080,-96.93083,19.03740
MX30081,-97.16659,18.88989
MX30082,-94.39446,17.98540
MX30083,-98.00998,20.72305
MX30084,-95.88302,18.47232
MX30085,-97.02901,18.85057
MX30086,-97.29189,19.76472
MX30087,-96.88834,19.54387
MX30088,-96.75580,19.33953
MX30089,-94.71573,17.87157
MX30090,-96.25323,18.99968
MX30091,-94.90483,17.41817
MX30092,-97.05834,19.44782
MX30093,-96.91648,19.61119
MX30094,-95.36585,17.98154
MX30095,-96.66164,19.81894
MX30096,-96.85384,19.74402
MX30097,-95.50059,18.65659
MX30098,-97.04619,18.76721
MX30099,-97.26566,18.83653
MX30100,-96.33945,19.10487
MX30101,-97.18385,18.93297
MX30102,-97.05103,20.13355
MX30103,-97.65262,20.20801
MX30104,-94.81604,18.28919
MX30105,-96.16193,18.98825
MX30106,-96.88145,19.72404
MX30107,-97.14990,19.70387
MX30108,-94.38868,17.70823
MX30109,-96.88544,19.96259
MX30110,-96.97677,18.59166
MX30111,-94.28574,17.98267
MX30112,-96.84099,19.63328
MX30113,-96.95706,18.79489
MX30114,-96.79336,20.10668
MX30115,-97.19900,18.82536
MX30116,-94.89165,17.90322
MX30117,-96.70320,18.71203
MX30118,-97.10481,18.85586
MX30119,-96.03381,18.16600
MX30120,-94.67362,17.98880
MX30121,-97.90182,21.72421
MX30122,-94.67887,18.20357
MX30123,-98.25653,22.11394
MX30124,-97.28636,20.41087
MX30125,-96.66301,18.94270
MX30126,-96.45005,19.24637
MX30127,-97.19235,18.98970
MX30128,-97.27890,19.52844
MX30129,-98.37572,21.29478
MX30130,-95.64517,17.76700
MX30131,-97.43847,20.53005
MX30132,-97.09478,19.62228
MX30133,-97.92576,22.15684
MX30134,-96.56567,19.30133
MX30135,-97.09560,18.80293
MX30136,-96.98483,19.59959
MX30137,-97.04344,18.67398
MX30138,-97.15092,18.84450
MX30139,-95.52137,18.56197
MX30140,-97.09302,18.77226
MX30141,-95.22223,18.46716
MX30142,-95.16202,17.76598
MX30143,-95.39983,18.39932
MX30144,-94.94590,17.72470
MX30145,-94.83465,18.00249
MX30146,-96.92232,19.17321
MX30147,-97.18624,18.70690
MX30148,-96.45318,19.04892
MX30149,-94.90080,18.23698
MX30150,-97.67154,21.49954
MX30151,-97.50691,21.28402
MX30152,-97.77654,21.92925
MX30153,-97.77894,21.26297
MX30154,-97.75595,21.42696
MX30155,-98.17126,21.38897
MX30156,-97.08419,19.71157
MX30157,-97.66909,20.73194
MX30158,-97.02613,20.38553
MX30159,-97.05242,18.52987
MX30160,-97.71073,20.97132
MX30161,-98.38161,21.56885
MX30162,-96.84099,19.26030
MX30163,-96.93921,19.81451
MX30164,-96.94157,19.37380
MX30165,-96.85321,19.04498
MX30166,-96.77330,19.66861
MX30167,-97.86306,21.14866
MX30168,-97.04434,18.73680
MX30169,-95.70209,18.11412
MX30170,-98.30879,20.62421
MX30171,-97.03206,18.61900
MX30172,-94.79759,17.78620
MX30173,-96.77611,18.57975
MX30174,-96.28766,18.55005
MX30175,-97.53020,20.66040
MX30176,-95.94598,18.19550
MX30177,-97.00468,19.70186
MX30178,-95.62204,18.53089
MX30179,-96.78128,19.18329
MX30180,-98.18534,20.61155
MX30181,-96.16952,18.75498
MX30182,-96.98304,19.54111
MX30183,-97.17443,20.02357
MX30184,-97.10487,18.60941
MX30185,-97.07733,18.79440
MX30186,-96.99685,19.02186
MX30187,-96.92141,19.72353
MX30188,-96.89706,19.22619
MX30189,-97.41282,20.93350
MX30190,-95.87995,18.18746
MX30191,-96.38839,19.43770
MX30192,-96.63435,19.97644
MX30193,-96.22220,19.18560
MX30194,-97.20293,19.65195
MX30195,-97.16358,18.63267
MX30196,-96.79964,18.82647
MX30197,-96.77342,19.84817
MX30198,-98.34407,20.49544
MX30199,-94.63868,17.95048
MX30200,-96.73383,19.06717
MX30201,-96.92549,18.64926
MX30202,-98.30312,20.73433
MX30203,-97.55857,20.13394
MX30204,-94.16172,18.08406
MX30205,-98.41892,21.74927
MX30206,-94.39005,18.06226
MX30207,-96.16828,18.30310
MX30208,-95.71873,18.32644
MX30209,-94.78739,18.36833
MX30210,-94.35586,17.27687
MX30211,-96.91602,20.21723
MX30212,-95.66494,17.62510
MX31001,-89.65038,20.65520
MX31002,-89.44744,20.82449
MX31003,-89.34838,20.26206
MX31004,-89.39941,21.13446
MX31005,-89.17564,21.00051
MX31006,-88.64962,21.22177
MX31007,-89.25129,20.98026
MX31008,-88.12445,21.01412
MX31009,-89.07320,21.16574
MX31010,-89.04935,20.42533
MX31011,-90.27804,20.88822
MX31012,-88.58078,21.03071
MX31013,-89.51377,21.08211
MX31014,-88.34806,20.62402
MX31015,-89.34528,20.71915
MX31016,-89.01828,20.19371
MX31017,-88.56928,20.49656
MX31018,-89.48608,20.49854
MX31019,-87.82449,20.76025
MX31020,-89.52674,21.15073
MX31021,-88.18155,20.43709
MX31022,-88.52659,20.27386
MX31023,-89.84873,20.73000
MX31024,-89.28073,20.47147
MX31025,-89.44465,20.40216
MX31026,-89.34249,21.25592
MX31027,-89.02506,21.29136
MX31028,-88.66838,21.43277
MX31029,-88.73537,21.33178
MX31030,-88.53360,20.83547
MX31031,-88.83979,21.08422
MX31032,-88.35708,21.02121
MX31033,-90.21682,20.56534
MX31034,-89.24554,20.80753
MX31035,-89.15922,20.87602
MX31036,-89.25207,20.68104
MX31037,-89.13151,20.69581
MX31038,-89.98446,21.07011
MX31039,-89.47349,21.23770
MX31040,-88.98681,20.91568
MX31041,-89.53692,20.91854
MX31042,-88.98354,20.75982
MX31043,-88.43751,20.59963
MX31044,-90.05088,20.85177
MX31045,-89.89896,20.64155
MX31046,-89.38335,20.50261
MX31047,-89.36899,20.38397
MX31048,-90.06973,20.62194
MX31049,-89.18591,20.49116
MX31050,-89.63953,20.98407
MX31051,-89.45420,21.13243
MX31052,-89.27802,21.14383
MX31053,-89.73825,20.45329
MX31054,-89.32380,21.05104
MX31055,-89.84671,20.55128
MX31056,-89.52254,20.14717
MX31057,-88.30880,21.35378
MX31058,-88.82792,20.07749
MX31059,-89.66432,21.22910
MX31060,-88.63583,20.84269
MX31061,-88.08285,21.54549
MX31062,-89.61902,20.52877
MX31063,-89.91775,20.84075
MX31064,-89.21019,20.76412
MX31065,-88.31610,21.49237
MX31066,-89.72648,20.26830
MX31067,-89.37086,20.84100
MX31068,-89.19866,21.27040
MX31069,-88.98803,20.60746
MX31070,-88.37184,21.20966
MX31071,-88.88921,20.80484
MX31072,-89.15125,21.10419
MX31073,-88.90469,20.24778
MX31074,-89.28563,20.89468
MX31075,-89.22147,20.37731
MX31076,-89.45734,20.66169
MX31077,-88.84829,21.02193
MX31078,-89.10193,21.00616
MX31079,-89.30075,19.93223
MX31080,-89.27298,20.57079
MX31081,-88.39581,20.49303
MX31082,-89.25571,21.21748
MX31083,-89.27733,21.31290
MX31084,-88.87354,21.16703
MX31085,-88.06446,20.89859
MX31086,-89.00248,21.06803
MX31087,-90.05809,20.95620
MX31088,-89.06610,21.06564
MX31089,-89.56129,20.36039
MX31090,-89.53564,20.76612
MX31091,-88.50840,20.72663
MX31092,-88.32315,20.39167
MX31093,-89.37604,20.97874
MX31094,-89.08695,20.24682
MX31095,-89.46455,20.96347
MX31096,-87.84799,21.25706
MX31097,-88.74681,20.88623
MX31098,-89.04679,19.93804
MX31099,-88.36236,20.78006
MX31100,-89.77989,21.06296
MX31101,-89.76543,20.85247
MX31102,-88.10839,20.63837
MX31103,-89.12383,20.80520
MX31104,-88.76971,20.48064
MX31105,-89.44382,21.05726
MX31106,-89.12039,21.28818
MX32001,-103.07381,21.47235
MX32002,-102.69188,21.46699
MX32003,-103.44658,21.78651
MX32004,-103.58180,21.49563
MX32005,-102.74682,22.95690
MX32006,-102.73261,23.57733
MX32007,-101.24128,24.45323
MX32008,-102.39019,22.44873
MX32009,-103.91039,23.41807
MX32010,-102.99594,23.23683
MX32011,-103.50320,21.21692
MX32012,-102.55919,22.47795
MX32013,-102.78785,23.01550
MX32014,-102.81160,24.13745
MX32015,-103.05009,21.99905
MX32016,-102.11998,22.69016
MX32017,-102.40763,22.78020
MX32018,-102.92786,21.77208
MX32019,-102.99829,21.62368
MX32020,-102.99197,22.72548
MX32021,-103.95333,23.17521
MX32022,-103.30318,24.29427
MX32023,-103.12408,21.37671
MX32024,-101.95881,22.28458
MX32025,-102.22556,22.43430
MX32026,-101.92280,24.35192
MX32027,-101.99995,24.91536
MX32028,-103.33376,21.19455
MX32029,-103.48838,24.11737
MX32030,-103.24809,21.93903
MX32031,-103.46188,22.37506
MX32032,-102.67288,22.85246
MX32033,-103.16431,21.19863
MX32034,-102.85951,21.41740
MX32035,-101.91555,22.39670
MX32036,-102.21644,22.56838
MX32037,-102.47571,22.99132
MX32038,-101.52880,22.26902
MX32039,-103.03186,23.78296
MX32040,-103.23993,23.56320
MX32041,-100.90471,24.44966
MX32042,-103.61478,23.64016
MX32043,-103.19398,22.63130
MX32044,-102.93311,21.93434
MX32045,-103.35673,21.62446
MX32046,-103.13684,22.44411
MX32047,-103.45325,21.36371
MX32048,-103.22719,21.78479
MX32049,-103.75282,22.77900
MX32050,-102.48264,22.84806
MX32051,-102.17637,23.60484
MX32052,-101.89236,22.12966
MX32053,-101.95373,22.55187
MX32054,-101.71432,22.40736
MX32055,-102.85151,22.29827
MX32056,-102.67808,22.73573
MX32057,-102.31200,22.75563
MX32058,-103.34390,21.52254
