MX13012,-98.67649,20.35484,4.4
MX13013,-99.23138,19.97345,4.8
MX13014,-98.54849,20.90606,4.2
MX13015,-99.0602,20.59917,4.2
MX13010,-99.22137,20.05475,4.8
MX13011,-98.36355,21.02731,4.2
MX13016,-98.28167,19.98431,5.0
MX13017,-99.47165,20.26369,4.4
MX13018,-98.94967,21.12844,4.0
MX13019,-99.25513,20.32432,4.4
MX13001,-98.44035,20.20642,4.8
MX13002,-98.1984,20.15985,4.8
MX13003,-98.88969,20.31455,4.2
MX13004,-98.36938,20.36157,4.6
MX13009,-98.88258,20.21715,4.4
MX13005,-99.07803,20.11983,4.2
MX13006,-99.4054,20.40709,4.4
MX13007,-98.32707,19.74162,5.6
MX13008,-98.447,19.7229,5.6
MX13040,-99.07051,21.07096,4.0
MX13034,-98.72331,20.96215,4.0
MX13035,-98.34292,20.25781,4.8
MX13036,-98.60529,20.52379,4.2
MX13037,-98.80965,20.56545,4.2
MX13030,-99.20132,20.53252,4.4
MX13031,-99.14722,20.96996,4.0
MX13032,-98.52757,21.14848,4.2
MX13033,-98.83575,20.83158,4.0
MX13038,-98.75356,20.22304,4.2
MX13039,-98.65883,20.14036,4.8
MX13023,-99.08028,20.23528,4.2
MX13024,-98.54313,20.22591,4.8
MX13025,-98.24714,21.03826,4.2
MX13026,-98.48913,20.9975,4.0
MX13020,-98.88033,20.74141,4.2
MX13021,-98.60027,19.6593,5.8
MX13022,-98.64348,20.03159,5.0
MX13027,-98.06419,20.51407,4.4
MX13028,-98.45172,21.12724,4.2
MX13029,-99.68073,20.38382,4.4
MX13060,-98.21083,20.34336,4.4
MX13061,-98.49479,19.81554,5.4
MX13062,-98.83294,21.06143,4.0
MX13056,-98.39278,20.03565,5.0
MX13057,-98.49546,19.9876,5.2
MX13058,-99.37583,20.54234,4.2
MX13059,-99.63243,20.53926,4.4
MX13052,-98.94004,20.09557,4.6
MX13053,-98.19132,20.46845,4.2
MX13054,-99.04786,20.30475,3.8
MX13055,-98.98285,20.41237,4.2
MX13050,-99.17815,20.31433,4.2
MX13051,-98.7197,20.05899,5.0
MX13045,-98.62196,20.17375,4.8
MX13047,-99.31541,20.99976,4.0
MX13048,-98.78223,20.10208,5.0
MX13041,-99.18073,20.22385,4.4
MX13042,-98.77642,20.86439,4.0
MX13043,-99.17541,20.78647,4.0
MX13044,-99.67268,20.23299,4.4
MX13081,-98.58673,20.65075,4.2
MX13082,-98.85892,19.98941,5.0
MX13083,-98.67233,19.92313,5.2
MX13084,-99.36573,20.75288,4.2
MX13080,-98.38352,20.91625,4.2
MX13078,-98.28809,20.85786,4.2
MX13079,-98.64126,20.79143,4.0
MX13074,-99.23705,20.09712,4.6
MX16101,-100.91401,19.43162,4.2
MX13075,-98.92653,19.95439,5.0
MX13076,-99.37674,20.06413,4.6
MX13077,-98.35094,20.1236,4.6
MX13070,-99.20855,20.13437,4.4
MX13071,-98.97239,20.86659,4.0
MX13072,-98.58693,19.8352,5.4
MX13073,-98.64818,21.03183,4.0
MX13067,-99.29328,20.17887,4.4
MX13068,-98.53914,20.78068,4.2
MX13069,-98.96118,19.85253,5.4
MX13063,-99.3635,19.90267,4.8
MX13064,-99.3987,20.19422,4.4
MX13065,-99.15183,20.11441,4.6
MX13066,-98.80336,19.91282,5.2
MX16112,-100.33795,19.43823,4.4
MX16110,-100.76929,19.87071,4.0
MX29007,-97.67432,19.33571,5.8
MX29006,-98.58936,19.56096,6.0
MX29009,-98.09163,19.34999,6.2
MX29008,-97.76592,19.33219,6.0
MX29003,-98.18293,19.54506,6.0
MX29002,-98.19468,19.3515,6.2
MX29005,-98.12725,19.42326,6.2
MX29004,-97.79266,19.41203,5.8
MX17021,-99.41239,18.69275,6.4
MX17022,-98.7082,18.90553,7.0
MX17020,-99.10518,18.9813,7.2
MX17018,-99.27223,18.84252,6.6
MX17019,-98.89425,18.57478,7.4
MX17016,-98.78096,18.88157,7.4
MX17017,-99.28567,18.57779,6.6
MX17014,-99.36541,18.6859,6.4
MX17015,-99.35518,18.80296,6.4
MX17012,-99.22125,18.58678,6.8
MX17013,-98.80941,18.66376,7.6
MX29010,-98.13111,19.28976,6.2
MX29012,-98.43685,19.44446,6.2
MX29011,-98.23348,19.50609,6.2
MX29018,-98.13339,19.31996,6.2
MX30007,-96.56902,19.01088,4.6
MX29017,-98.16432,19.19175,6.4
MX30006,-97.27642,18.71615,5.2
MX30005,-95.80048,18.55172,4.4
MX29019,-98.37922,19.28196,6.6
MX30004,-96.52893,19.5461,4.2
MX29014,-98.34227,19.48821,6.2
MX29013,-97.93643,19.33244,6.2
MX30002,-96.84018,19.69171,4.4
MX29016,-97.91135,19.25758,6.2
MX30001,-97.04423,19.56471,4.2
MX29015,-98.3833,19.35611,6.4
MX17010,-98.76471,18.6854,7.6
MX20200,-95.89104,16.87466,3.8
MX17011,-99.16646,18.88519,7.0
MX20202,-97.11697,16.20929,4.0
MX20201,-96.30173,17.32401,4.0
MX20204,-95.91791,16.51142,3.8
MX20203,-96.54578,16.56843,4.0
MX20206,-97.03924,18.04434,4.8
MX20205,-95.79131,17.4933,4.0
MX17007,-99.26304,18.93889,6.8
MX20208,-97.85588,17.3377,4.8
MX17008,-99.1809,18.81375,7.0
MX17005,-99.44578,18.73183,6.2
MX17006,-98.95696,18.83114,7.4
MX20209,-96.31318,16.24669,3.6
MX17003,-98.75211,18.52524,7.6
MX17004,-98.97798,18.71725,7.4
MX17001,-99.38668,18.59,6.4
MX17002,-98.8945,18.93505,7.2
MX29021,-98.55403,19.49983,6.2
MX29020,-98.45254,19.53306,6.0
MX29023,-98.33196,19.23331,6.4
MX29022,-98.17052,19.21687,6.4
MX17009,-99.23663,19.05759,6.6
MX30009,-96.5835,19.71769,4.2
MX30008,-97.13568,19.09773,5.0
MX17032,-98.7538,18.80687,7.4
MX17033,-98.7905,18.75923,7.6
MX17030,-98.85801,18.85251,7.4
MX17031,-99.2068,18.65471,6.8
MX17029,-99.05093,18.86995,7.2
MX17027,-98.91803,19.00044,7.2
MX17028,-99.23529,18.7619,6.8
MX17025,-99.07473,18.49913,6.6
MX17026,-98.97505,18.95397,7.2
MX17023,-98.99024,19.03871,6.8
MX17024,-99.10825,18.70495,7.0
MX29001,-98.18152,19.36207,6.2
MX20110,-97.57366,17.15316,4.8
MX20112,-96.50737,16.76633,4.2
MX16098,-100.48788,19.56833,4.2
MX20111,-98.04783,16.5407,4.4
MX20114,-96.21061,17.22041,4.0
MX20113,-96.79618,16.03601,3.8
MX16093,-100.20658,19.77989,4.4
MX20116,-96.67552,18.05008,4.4
MX20115,-96.69562,16.94114,4.2
MX20118,-96.50006,16.89673,4.0
MX16092,-100.79538,19.05718,4.2
MX20119,-97.45258,17.22398,4.6
MX20121,-97.31416,17.58442,5.0
MX20120,-96.24324,17.24528,4.0
MX20123,-96.91718,16.84442,4.2
MX20122,-95.92803,16.4255,3.8
MX20125,-95.96223,16.41468,3.8
MX20127,-97.58108,17.28238,4.6
MX20126,-96.38301,16.30732,3.6
MX16080,-100.34233,19.74618,4.4
MX20129,-97.38362,17.72542,5.4
MX16081,-100.40687,19.1912,4.2
MX20128,-96.17495,17.35144,4.0
MX16077,-100.76288,18.56726,4.2
MX16078,-101.03889,20.03925,4.0
MX20570,-97.03469,16.78025,4.2
MX20101,-96.86063,16.60105,4.2
MX20100,-96.13239,17.29031,4.0
MX20103,-96.69254,16.81394,4.2
MX20102,-96.90298,17.1842,4.4
MX20105,-97.74397,17.51848,5.2
MX20104,-97.04504,16.83406,4.2
MX20107,-96.69182,17.02411,4.0
MX20106,-97.4956,17.74289,5.6
MX20109,-97.16451,18.14615,5.4
MX20108,-97.14296,16.92059,4.2
MX16099,-100.61795,19.2218,4.2
MX20150,-96.92812,17.37211,4.4
MX20152,-98.26333,17.47637,5.6
MX20151,-97.54353,17.89041,5.6
MX20154,-96.45374,16.28939,3.6
MX21001,-97.93983,19.1033,6.4
MX20153,-97.04526,16.05062,3.8
MX20156,-96.137,17.37385,4.0
MX21003,-98.1064,18.15893,7.0
MX20155,-96.95604,16.59193,4.2
MX21002,-97.2298,20.10915,4.4
MX20158,-97.36596,16.50327,4.2
MX21005,-98.67909,18.75939,7.6
MX20157,-96.75743,17.09537,4.2
MX21004,-97.76498,19.02611,6.6
MX21007,-98.28281,18.57566,7.6
MX20159,-96.96964,16.20445,3.8
MX21006,-97.86768,20.02695,4.8
MX21009,-98.19112,18.23129,7.2
MX21008,-98.13362,20.06116,5.0
MX20161,-97.03578,17.39055,4.4
MX20160,-97.86887,17.80673,5.8
MX20163,-96.92903,18.1538,4.6
MX21010,-97.12561,18.42157,5.0
MX20162,-96.57139,16.70405,4.0
MX20165,-97.97218,17.95442,6.6
MX21012,-97.51742,19.1026,6.0
MX20164,-98.09158,17.68914,5.6
MX21011,-98.54711,18.01069,6.8
MX20167,-96.49329,16.28058,3.8
MX21014,-97.80068,20.05581,4.6
MX20166,-96.12365,17.91468,4.2
MX21013,-97.30037,18.35634,5.6
MX20169,-96.64249,18.25763,4.8
MX21016,-97.93024,19.77229,5.2
MX20168,-98.25632,16.37784,4.4
MX21015,-98.05311,19.04728,6.6
MX21018,-97.69008,18.37557,6.6
MX21017,-97.44091,19.81168,4.8
MX21019,-98.45229,18.89907,7.4
MX20132,-96.66418,16.74991,4.2
MX20131,-96.30206,16.78092,4.0
MX20134,-96.5351,18.06965,4.6
MX20133,-97.69198,17.07693,4.6
MX20136,-96.5071,17.82029,4.4
MX20135,-96.88523,17.0929,4.4
MX20138,-96.26465,17.18086,4.0
MX20137,-97.36768,16.85808,4.2
MX20139,-96.7452,17.90557,4.4
MX20140,-97.31436,17.41701,4.8
MX20142,-96.93618,18.19524,4.8
MX20145,-96.59582,17.02635,4.2
MX20144,-97.27508,17.34649,4.8
MX20147,-97.33403,17.36333,4.8
MX20146,-96.38013,16.37343,3.8
MX20149,-96.90585,16.51416,4.0
MX20148,-96.20195,16.09336,3.4
MX20192,-96.67165,16.82826,4.2
MX20191,-96.50734,17.27922,4.2
MX20194,-96.16135,16.89178,4.0
MX21041,-98.25608,19.11672,6.6
MX20193,-96.77925,17.32944,4.2
MX21040,-98.0451,18.96165,6.8
MX20196,-96.53932,17.40091,4.2
MX21043,-97.50058,20.02798,4.6
MX20195,-97.38965,17.27778,4.4
MX21042,-98.18899,18.44567,7.6
MX21045,-97.42971,18.97734,6.0
MX20197,-96.54153,16.95391,4.2
MX21044,-97.57326,19.59666,5.4
MX21047,-98.60062,18.2765,7.4
MX20199,-98.29025,17.76435,6.2
MX21046,-97.40364,18.63964,6.0
MX21049,-97.96598,20.08875,4.4
MX21048,-98.51334,19.1956,6.6
MX21050,-97.07009,19.20472,4.6
MX21052,-98.05935,18.6488,7.4
MX21051,-98.62591,18.51037,7.8
MX21054,-97.43656,19.73556,5.0
MX21053,-98.13474,19.82102,5.4
MX21056,-98.47001,18.13956,7.2
MX21055,-97.87924,17.96025,6.4
MX21058,-97.21356,19.25827,5.0
MX21057,-98.23888,20.26016,4.4
MX21059,-98.27959,18.23293,7.4
MX20170,-96.33497,16.40157,3.8
MX20172,-97.50055,17.35001,4.8
MX20171,-96.66804,18.16085,4.4
MX20174,-96.7162,16.98732,4.4
MX21021,-98.54172,18.54704,7.8
MX20173,-96.48837,17.46411,4.2
MX21020,-97.90907,18.80601,7.0
MX20176,-97.26241,17.72061,5.0
MX21023,-97.30399,18.93379,5.6
MX20175,-96.76857,17.5889,4.2
MX21022,-98.60777,18.82308,7.6
MX20178,-96.75914,17.238,4.0
MX21025,-97.40878,20.08399,4.6
MX20177,-96.96902,17.74117,4.8
MX21024,-98.39351,18.18468,7.2
MX21027,-97.48684,18.14269,5.8
MX20179,-96.80748,17.43918,4.2
MX21026,-98.47622,19.10644,6.8
MX21029,-97.6063,20.07349,4.4
MX21028,-97.75295,20.03083,4.4
MX20181,-97.64328,18.00001,6.0
MX20180,-98.34379,16.51487,4.4
MX20183,-98.32222,17.59071,5.8
MX21030,-97.73105,20.05515,4.4
MX20182,-96.59242,17.87301,4.4
MX20185,-98.16342,16.64172,4.4
MX21032,-98.78853,18.19049,6.6
MX20184,-96.0918,18.02784,4.4
MX21031,-98.16492,18.57117,7.6
MX20187,-96.72865,18.05825,4.4
MX21034,-98.29175,19.13523,6.6
MX20186,-98.27072,17.86541,6.4
MX21033,-98.71821,18.74582,7.6
MX20189,-95.95656,17.32899,4.0
MX21036,-96.96594,18.28235,5.0
MX20188,-97.91067,16.49515,4.4
MX21035,-97.11723,18.24559,4.8
MX21038,-97.82638,18.92019,6.6
MX21037,-97.81295,18.40133,6.8
MX21039,-97.79213,19.91357,4.4
MX21083,-97.8583,19.62405,5.4
MX21082,-97.83349,18.48166,7.0
MX21085,-98.44701,18.50192,7.8
MX21084,-97.64144,20.04064,4.6
MX21087,-98.91566,18.3072,7.0
MX21086,-97.87595,20.45615,4.4
MX21089,-97.77798,20.2064,4.6
MX21088,-97.52648,20.07868,4.6
MX21090,-98.34546,19.11933,6.8
MX21092,-97.73988,18.53209,6.8
MX21091,-97.99659,20.2237,4.4
MX21094,-97.67614,19.46915,5.8
MX21093,-97.29372,19.2811,5.0
MX21096,-97.69201,19.15112,6.2
MX21095,-98.10249,18.74182,7.2
MX21098,-97.86981,18.66862,7.0
MX21097,-97.89171,18.90772,6.8
MX21099,-97.42813,18.73316,6.0
MX21061,-96.9267,18.50678,4.6
MX21060,-98.44114,19.13217,6.8
MX21063,-97.36463,18.85903,6.0
MX21062,-98.37626,18.61559,7.8
MX21065,-97.66751,19.02072,6.2
MX21064,-97.81316,20.71054,4.4
MX21067,-97.38013,19.31642,5.6
MX21066,-98.15115,18.04838,6.8
MX21069,-98.51717,18.76929,7.6
MX21068,-97.73118,20.11676,4.6
MX21070,-98.06784,18.68379,7.4
MX21072,-97.61947,20.10153,4.4
MX21071,-98.05174,20.16621,4.8
MX21074,-98.44878,19.16712,6.6
MX21073,-98.7304,18.37705,7.4
MX21076,-97.31017,20.03061,4.4
MX21075,-97.40113,19.92183,4.4
MX21078,-97.7133,19.94375,4.4
MX21077,-97.68416,20.04315,4.8
MX21079,-97.85963,18.76693,6.8
MX21081,-98.71232,18.03444,6.8
MX21080,-97.62733,20.01469,4.4
MX30117,-96.7032,18.71203,5.0
MX30115,-97.199,18.82536,5.0
MX30114,-96.79336,20.10668,4.4
MX30113,-96.95706,18.79489,4.8
MX30112,-96.84099,19.63328,4.2
MX30110,-96.97677,18.59166,5.0
MX20310,-96.82695,17.0527,4.2
MX20312,-98.0421,16.4695,4.4
MX20311,-97.02658,17.68676,4.4
MX20314,-97.10907,16.31916,4.0
MX20313,-97.0715,17.75925,4.6
MX20316,-96.25359,16.44216,3.8
MX20315,-96.70425,16.74831,4.2
MX20317,-97.64381,17.45009,5.2
MX20319,-96.20958,16.21879,3.6
MX30119,-96.03381,18.166,4.6
MX30118,-97.10481,18.85586,5.4
MX30128,-97.2789,19.52844,5.0
MX30127,-97.19235,18.9897,5.0
MX30126,-96.45005,19.24637,4.4
MX30125,-96.66301,18.9427,4.8
MX30124,-97.28636,20.41087,4.4
MX20321,-97.57686,17.8105,5.6
MX20320,-97.55184,17.10392,4.4
MX20323,-95.84079,16.97177,3.8
MX20322,-96.91129,18.18336,4.4
MX20325,-96.03445,16.76727,3.8
MX20326,-96.6409,17.81952,4.2
MX20329,-97.2748,16.99571,4.4
MX20328,-96.53397,16.64391,4.0
MX30106,-96.88145,19.72404,4.4
MX30105,-96.16193,18.98825,4.6
MX30103,-97.65262,20.20801,4.4
MX30102,-97.05103,20.13355,4.4
MX30101,-97.18385,18.93297,5.0
MX30100,-96.33945,19.10487,4.6
MX20301,-96.73403,16.74127,4.2
MX20300,-98.08367,16.67749,4.4
MX20303,-96.26206,17.16344,4.0
MX20302,-97.96946,16.51881,4.4
MX20304,-97.10983,17.52117,4.6
MX20307,-95.78208,15.97443,3.6
MX20306,-96.47169,16.01582,3.4
MX20309,-96.55145,18.15914,4.4
MX30109,-96.88544,19.96259,4.4
MX30107,-97.1499,19.70387,4.4
MX30038,-96.93055,19.44755,4.4
MX30037,-97.7058,20.26912,4.4
MX29047,-97.99078,19.53329,5.8
MX30036,-96.9498,19.67621,4.2
MX29046,-97.92597,19.56378,5.6
MX20231,-95.68977,16.93781,3.8
MX29049,-98.2985,19.28618,6.4
MX20230,-98.12383,17.6319,5.8
MX29048,-98.19141,19.27806,6.4
MX30033,-97.28619,20.71429,4.2
MX20233,-96.4535,16.8793,4.0
MX20232,-96.36252,18.03424,4.4
MX30031,-96.58192,18.81662,4.6
MX20235,-96.47893,16.45327,4.0
MX30030,-97.1634,18.79043,5.0
MX20234,-96.91589,18.11234,4.4
MX20237,-97.9038,17.73751,6.0
MX20236,-96.40399,16.04058,3.4
MX20239,-97.60896,17.3963,5.2
MX20238,-96.72607,16.65605,4.2
MX29054,-98.26105,19.21722,6.6
MX29053,-98.25406,19.23471,6.4
MX29056,-98.33322,19.29701,6.6
MX29055,-98.25556,19.49125,6.0
MX29050,-98.08404,19.25711,6.2
MX29052,-98.04931,19.32361,6.2
MX29051,-98.26414,19.24815,6.4
MX30049,-96.36619,18.86269,4.6
MX20240,-97.85578,17.21736,5.0
MX29058,-98.21641,19.19342,6.4
MX30047,-97.08947,19.05332,5.2
MX29057,-98.31345,19.24593,6.4
MX30046,-96.96714,19.33145,4.8
MX20242,-98.24503,17.36169,5.2
MX30045,-95.97281,18.30282,4.4
MX20241,-96.85418,16.61638,4.2
MX29059,-98.20459,19.21124,6.4
MX30044,-96.93846,18.93237,5.0
MX20244,-97.0309,18.1074,4.6
MX30043,-96.68554,19.13917,4.6
MX20243,-96.69192,16.87575,4.2
MX30042,-96.70518,19.93352,4.2
MX20246,-96.19697,17.15297,4.0
MX30041,-96.92152,18.77541,4.6
MX20245,-98.07095,17.81655,6.2
MX30040,-97.53741,20.42746,4.4
MX20247,-96.42088,17.31805,4.0
MX20249,-96.86895,18.14118,4.6
MX29060,-98.20658,19.26246,6.4
MX29029,-98.22845,19.24707,6.4
MX30018,-97.32424,18.78889,5.4
MX29028,-98.1163,19.22285,6.4
MX30017,-96.67004,19.33823,4.4
MX30016,-96.30922,19.30992,4.4
MX29025,-98.14036,19.15612,6.4
MX30014,-96.87617,18.85975,5.0
MX29024,-98.28415,19.35212,6.2
MX29027,-98.19028,19.15075,6.4
MX30012,-95.68884,18.43159,4.2
MX29026,-98.13057,19.35294,6.2
MX30011,-95.8552,18.80834,4.2
MX20211,-96.2088,16.10686,3.4
MX30010,-97.12733,19.77627,4.4
MX20210,-97.75489,17.42614,4.8
MX20213,-97.35483,16.34209,4.2
MX20212,-96.04773,17.48993,4.0
MX20215,-97.29179,17.4483,4.8
MX20214,-96.62625,17.66273,4.2
MX20217,-97.17102,17.11641,4.4
MX20216,-96.21851,17.31861,4.0
MX20219,-96.59774,16.89454,4.0
MX20218,-97.43002,17.07741,4.4
MX29032,-98.28744,19.23389,6.4
MX29031,-98.07635,19.48224,6.0
MX29034,-98.17702,19.62013,5.8
MX29033,-98.23666,19.30953,6.4
MX29030,-97.93447,19.48399,5.8
MX30019,-97.10034,18.56176,5.0
MX30029,-97.17827,19.11327,5.0
MX29039,-98.02915,19.41617,6.0
MX30028,-96.12146,19.11722,5.0
MX30027,-98.17863,20.81924,4.2
MX30026,-96.94294,19.58679,4.4
MX29036,-98.24856,19.33614,6.2
MX30025,-97.1831,19.4024,5.0
MX29035,-98.01615,19.38884,6.0
MX30024,-96.8248,19.28846,4.6
MX20220,-96.76249,17.73966,4.4
MX29038,-98.08523,19.38072,6.2
MX30023,-97.11576,19.90813,4.4
MX29037,-97.92674,19.21168,6.2
MX30022,-97.07789,18.94433,5.2
MX20222,-96.27995,17.44199,4.0
MX30021,-96.79654,18.92793,4.6
MX20221,-97.41576,17.58726,4.8
MX30020,-97.10793,18.67911,5.2
MX20224,-97.26898,17.52343,5.0
MX20223,-96.18215,17.41051,4.0
MX20226,-96.23848,16.89102,4.0
MX20225,-97.87786,16.41123,4.2
MX20228,-96.91728,18.21635,4.6
MX20227,-96.80356,17.12904,4.2
MX20229,-97.18647,16.52687,4.2
MX29043,-98.17791,19.40224,6.2
MX29042,-98.24134,19.17119,6.6
MX29045,-98.40914,19.59513,6.0
MX29044,-98.26038,19.19385,6.6
MX29041,-98.19723,19.17226,6.4
MX29040,-98.23956,19.4302,6.2
MX20271,-96.94786,16.75755,4.0
MX20270,-97.14618,17.75444,4.6
MX20273,-97.00974,16.9432,4.2
MX21120,-97.27369,18.49701,5.2
MX20272,-97.40049,16.23866,4.0
MX30079,-97.09227,19.36557,4.4
MX20275,-95.78022,16.97567,3.8
MX21122,-98.52594,19.23152,6.6
MX20274,-97.21636,16.98106,4.4
MX21121,-98.33586,18.76741,7.4
MX20277,-97.05818,16.51321,4.0
MX21124,-97.38397,18.31813,5.8
MX30076,-98.42648,20.78128,4.2
MX20276,-96.79768,17.91987,4.4
MX21123,-97.78676,20.11152,4.4
MX30075,-95.96549,18.66871,4.4
MX20279,-96.45843,16.08017,3.6
MX21126,-98.39375,19.03492,7.0
MX30074,-97.1331,18.81731,5.0
MX20278,-96.43942,18.25247,4.4
MX21125,-98.34562,19.01049,6.8
MX21128,-97.72857,19.25467,6.2
MX30072,-98.4676,20.51771,4.2
MX21127,-97.92169,18.1985,6.8
MX30071,-96.93977,19.1368,5.0
MX21129,-97.29007,18.22887,5.6
MX09003,-99.15038,19.32667,6.8
MX09002,-99.18211,19.48533,6.0
MX20280,-96.23184,17.36739,4.0
MX20281,-97.29105,17.37886,4.8
MX20284,-96.56436,16.77563,4.2
MX21131,-98.03049,18.7448,7.2
MX20283,-97.31488,17.82419,5.4
MX21130,-97.55189,19.04707,6.2
MX20286,-98.0107,17.44226,5.4
MX21133,-98.35524,18.65772,7.6
MX20285,-98.10827,16.44046,4.4
MX21132,-98.42851,19.26896,6.6
MX30088,-96.7558,19.33953,4.4
MX20288,-96.35341,17.34811,4.0
MX21135,-97.76989,18.01192,6.2
MX30087,-96.88834,19.54387,4.2
MX20287,-97.44601,17.75369,5.4
MX21134,-98.50282,19.34665,6.4
MX30086,-97.29189,19.76472,4.8
MX21137,-97.4975,19.2231,5.8
MX30085,-97.02901,18.85057,5.2
MX20289,-96.74466,16.43096,4.0
MX21136,-98.30645,19.17266,6.6
MX30084,-95.88302,18.47232,4.4
MX21139,-98.13894,18.14194,7.0
MX30083,-98.00998,20.72305,4.4
MX21138,-98.56693,19.07943,6.6
MX30081,-97.16659,18.88989,5.0
MX30080,-96.93083,19.0374,5.0
MX30090,-96.25323,18.99968,4.6
MX20251,-98.42139,17.64689,6.0
MX30058,-98.04062,21.00325,4.2
MX20250,-97.26291,17.42259,4.8
MX30057,-96.77459,19.7544,4.2
MX20253,-96.33879,15.97173,3.2
MX21100,-98.10286,20.24527,4.6
MX20252,-97.49478,17.14499,4.4
MX09016,-99.20457,19.42806,5.8
MX20255,-97.37111,17.00395,4.4
MX21102,-98.44712,19.0612,6.8
MX30054,-95.80661,18.21242,4.6
MX09015,-99.14906,19.43137,7.0
MX20254,-96.52523,16.12131,3.4
MX21101,-97.58899,19.96307,4.6
MX30053,-96.65952,18.7763,4.8
MX20257,-96.15076,17.24589,4.0
MX21104,-97.8333,19.19062,6.4
MX30052,-96.82091,18.76756,4.8
MX09017,-99.09311,19.4305,6.6
MX20256,-97.42951,17.80505,5.4
MX21103,-97.33754,18.62752,5.4
MX30051,-97.66568,20.33842,4.4
MX20259,-98.33213,17.68289,6.0
MX21106,-98.31914,18.93167,7.0
MX30050,-97.5503,20.21463,4.4
MX20258,-97.47352,17.30661,4.6
MX21105,-97.67382,19.55552,5.2
MX21108,-97.58344,19.3265,5.8
MX21107,-97.67182,20.11243,4.4
MX21109,-98.13737,20.29327,4.4
MX20260,-96.70427,17.4339,4.2
MX20262,-96.45641,17.20015,4.2
MX30069,-97.10966,20.44649,4.4
MX20261,-98.01944,17.88672,6.4
MX30068,-96.99007,18.90215,5.2
MX20264,-97.19822,17.62681,5.0
MX21111,-97.87683,20.55491,4.4
MX30067,-97.69908,20.20528,4.4
MX20263,-96.68014,16.16663,3.6
MX21110,-97.53558,18.83501,6.2
MX30066,-97.49682,20.27593,4.4
MX09005,-99.11586,19.50407,5.4
MX21113,-98.27075,18.11397,6.8
MX30065,-96.73144,19.44001,4.4
MX09004,-99.31073,19.32463,6.2
MX21112,-97.91588,18.06912,6.6
MX30064,-97.58507,20.22281,4.4
MX09007,-99.0568,19.34916,7.0
MX20268,-96.73661,16.59619,4.2
MX21115,-97.63447,18.94816,6.4
MX09006,-99.09433,19.39691,6.6
MX20267,-96.57439,17.32747,4.0
MX21114,-98.17554,19.00862,6.2
MX30062,-97.03953,19.00061,5.2
MX09009,-99.0511,19.13946,7.0
MX21117,-97.81653,19.24794,6.2
MX09008,-99.26841,19.26898,6.0
MX20269,-97.61587,17.07855,4.4
MX21116,-97.11339,19.25374,4.6
MX21119,-98.29324,19.02362,6.6
MX21118,-97.8239,18.96244,6.6
MX09010,-99.24682,19.33618,6.8
MX09012,-99.20622,19.19834,6.4
MX09011,-99.00282,19.27699,7.4
MX09014,-99.16113,19.38064,6.8
MX09013,-99.09036,19.24515,7.2
MX21160,-98.83874,18.45046,7.4
MX21162,-97.78433,20.00846,4.6
MX21161,-97.54302,18.5539,6.4
MX21164,-97.87616,19.01193,6.6
MX22012,-100.17243,20.47196,4.0
MX21163,-98.0036,19.14522,6.4
MX22013,-99.82995,21.09767,3.8
MX21166,-98.43127,18.72177,7.6
MX21165,-98.63294,18.73975,7.6
MX22011,-100.27862,20.72023,4.0
MX21168,-98.654,18.64632,7.6
MX22016,-100.00038,20.36891,4.2
MX21167,-97.85304,19.94949,4.6
MX22017,-99.95256,20.55117,4.2
MX22014,-100.45271,20.72881,3.8
MX21169,-97.93734,18.49675,7.2
MX22015,-99.52076,20.98267,4.0
MX22018,-99.93444,20.91796,4.0
MX21171,-97.86668,18.80631,7.0
MX21170,-97.46328,19.47961,5.4
MX21173,-97.44936,19.85437,4.8
MX21172,-97.78573,19.81821,4.8
MX21175,-98.47915,19.00019,7.0
MX21174,-97.35858,19.86381,4.8
MX21177,-97.62888,18.65564,6.6
MX21176,-98.54199,18.6143,7.8
MX21179,-97.35209,19.13359,5.6
MX21178,-97.9962,20.37774,4.4
MX21180,-98.58532,19.36228,6.4
MX20291,-96.79001,16.17026,4.0
MX20290,-98.13262,17.7763,6.2
MX20293,-96.73375,17.16366,4.0
MX21140,-98.34313,19.07296,6.6
MX20292,-96.93903,16.94818,4.2
MX20295,-96.8066,16.81801,4.2
MX21142,-97.61392,19.15395,6.0
MX20294,-96.8736,17.30975,4.2
MX21141,-98.04404,18.04067,6.8
MX20297,-97.47129,17.00754,4.4
MX21144,-97.77233,18.92652,6.6
MX20296,-96.52162,17.52171,4.2
MX21143,-98.56134,19.24459,6.4
MX30099,-97.26566,18.83653,5.6
MX20299,-96.21716,17.12509,4.2
MX21146,-98.07914,18.6159,7.4
MX30098,-97.04619,18.76721,5.0
MX20298,-96.29489,16.9688,4.0
MX21145,-96.8288,18.37958,4.6
MX21148,-98.38532,18.97483,7.0
MX30096,-96.85384,19.74402,4.2
MX21147,-98.04927,18.4033,7.4
MX30095,-96.66164,19.81894,4.4
MX21149,-97.42487,18.55546,6.0
MX30093,-96.91648,19.61119,4.2
MX30092,-97.05834,19.44782,4.6
MX21151,-97.86522,18.88752,6.8
MX21150,-98.15696,18.75718,7.2
MX21153,-97.96823,18.887,6.8
MX22001,-100.09863,20.17491,4.2
MX21152,-97.74609,19.12066,6.2
MX22002,-99.59269,21.14174,4.0
MX21155,-98.31434,18.0529,7.0
MX21154,-97.73122,18.8593,6.6
MX21157,-98.30395,18.35319,7.6
MX22005,-100.10057,20.75827,4.0
MX21156,-97.44508,18.46129,6.0
MX22006,-100.44107,20.48544,4.0
MX21159,-98.2506,18.72946,7.4
MX21158,-97.4016,20.1892,4.4
MX22004,-99.65703,20.79138,4.2
MX22007,-99.86669,20.64928,4.2
MX22008,-100.31421,20.40384,4.0
MX21182,-97.88532,18.85701,7.0
MX21181,-98.34284,19.1565,6.6
MX21184,-97.83828,20.12982,4.4
MX21183,-97.90981,20.16731,4.4
MX21186,-97.49935,19.84214,4.8
MX21185,-98.5362,18.68996,7.8
MX21188,-98.61221,18.92247,7.2
MX21187,-98.04887,20.39983,4.2
MX21189,-97.8212,18.82845,6.8
MX21191,-98.39756,17.97508,6.8
MX21190,-97.84805,18.29154,6.8
MX21193,-98.04174,18.8162,7.0
MX21192,-97.53058,20.10382,4.6
MX21195,-97.18206,18.53035,5.4
MX21194,-97.68724,20.50835,4.4
MX21197,-97.90263,20.32662,4.4
MX21196,-97.94652,18.27825,7.0
MX21199,-97.35992,19.72254,4.8
MX21198,-98.60058,18.09563,6.8
MX15020,-99.1024,19.62629,5.4
MX15015,-98.71706,19.03111,6.6
MX15014,-99.84601,19.80996,4.4
MX15017,-98.81636,19.12429,7.0
MX15016,-98.7213,19.76306,5.6
MX15011,-98.96157,19.54565,6.0
MX15010,-99.1479,19.98451,4.8
MX15013,-99.27404,19.56481,5.6
MX15012,-99.49998,19.17555,6.2
MX15019,-99.45974,19.2087,6.2
MX15018,-99.64328,19.16553,5.8
MX15004,-99.8668,18.83296,4.8
MX15003,-99.83335,20.11568,4.4
MX15006,-99.49187,19.15878,6.2
MX15005,-99.82945,19.40558,5.2
MX15002,-98.91987,19.63378,5.8
MX15001,-99.87153,19.97294,4.2
MX15008,-100.2668,18.70299,4.6
MX15007,-99.98839,19.25093,4.6
MX15009,-98.71649,19.12495,6.8
MX15040,-99.69084,18.8507,5.6
MX15042,-99.80696,19.58985,5.0
MX15041,-100.27785,19.25743,4.4
MX15037,-99.33953,19.3831,5.8
MX15036,-99.02801,19.95241,4.8
MX15039,-98.77905,19.3428,6.2
MX15038,-99.44038,19.55424,5.4
MX15033,-99.04321,19.57278,5.8
MX15032,-100.18484,19.31644,4.4
MX15035,-99.25503,19.82263,5.2
MX15034,-98.73665,18.96802,7.0
MX30203,-97.55857,20.13394,4.4
MX30202,-98.30312,20.73433,4.4
MX30201,-96.92549,18.64926,5.0
MX30200,-96.73383,19.06717,4.8
MX15031,-98.94717,19.41624,6.6
MX20400,-97.64995,17.86962,5.4
MX15030,-98.8967,19.55628,6.0
MX20402,-98.31271,16.42893,4.4
MX20404,-97.26065,17.56576,5.0
MX20403,-96.7102,16.97062,4.2
MX15026,-99.55094,19.82576,5.0
MX20406,-96.7462,18.29307,4.4
MX15025,-98.8317,19.2536,7.0
MX20405,-97.63801,17.59384,5.0
MX15028,-98.88338,19.57304,6.0
MX20408,-97.60512,17.34369,5.0
MX15027,-99.55045,19.20651,6.2
MX15022,-98.85889,19.22603,7.0
MX15021,-99.79826,18.94633,5.4
MX20409,-96.6343,17.02924,4.2
MX15024,-99.15942,19.70824,5.4
MX15023,-99.22221,19.78998,5.2
MX15029,-98.87811,19.40542,6.6
MX30208,-95.71873,18.32644,4.4
MX30207,-96.16828,18.3031,4.4
MX15062,-99.40664,19.25947,6.0
MX15061,-98.71709,19.81231,5.4
MX15064,-100.07549,19.79882,4.4
MX15063,-99.39642,19.00923,6.4
MX15060,-99.39173,19.62497,5.4
MX15059,-99.07452,19.72994,5.6
MX15058,-99.0227,19.42258,6.6
MX15055,-99.58402,19.21125,6.2
MX15054,-99.58837,19.24739,6.2
MX15057,-99.29261,19.47125,6.0
MX15056,-99.64177,19.74344,4.8
MX15051,-99.47486,19.34507,6.0
MX15050,-98.90408,19.09359,7.0
MX15053,-99.13355,19.70965,5.4
MX15052,-99.48564,18.88192,5.6
MX15048,-99.82348,19.71733,4.6
MX15047,-99.6416,19.58604,5.2
MX15049,-99.51448,19.06757,6.0
MX15044,-99.08893,19.73872,5.4
MX15043,-99.35927,19.16525,6.0
MX15046,-99.39044,19.50605,5.4
MX15045,-99.59657,20.0191,4.4
MX15084,-98.88107,19.81912,5.4
MX20431,-97.09896,17.95356,4.6
MX15083,-98.88378,19.18893,7.0
MX20430,-97.39526,17.13752,4.4
MX15086,-99.99659,19.08136,4.8
MX20433,-97.18103,16.16478,3.8
MX15085,-100.037,19.92126,4.4
MX20432,-96.1581,17.379,4.0
MX15080,-99.9892,18.73462,4.4
MX20435,-95.98912,16.95131,3.8
MX20434,-96.97159,18.1742,4.8
MX15082,-100.21309,18.8738,4.2
MX20437,-96.05368,17.11428,4.0
MX15081,-98.98651,19.70584,5.6
MX20436,-97.05049,17.72237,4.8
MX20438,-96.73712,17.92137,4.4
MX15077,-100.03687,18.98005,4.8
MX15076,-99.53969,19.26553,6.2
MX15079,-99.51387,20.05181,4.6
MX15078,-100.29981,19.17969,4.4
MX20440,-95.61527,16.62293,3.8
MX15073,-99.55129,19.16888,6.0
MX20442,-96.29629,17.27107,4.0
MX15072,-99.56708,19.13888,6.0
MX15075,-98.83219,19.71977,5.6
MX20444,-97.46031,16.88221,4.4
MX15074,-99.98252,19.65322,4.6
MX20443,-96.41136,17.20118,4.0
MX20446,-97.80328,17.03512,4.4
MX20445,-97.5,17.10744,4.4
MX15071,-99.83168,20.22408,4.4
MX20448,-97.3591,16.64276,4.2
MX15070,-98.9477,19.36102,6.8
MX20447,-97.97374,16.77872,4.4
MX15069,-98.85786,19.55988,6.0
MX20449,-96.37041,16.55904,4.0
MX15066,-100.31895,19.10803,4.4
MX15065,-98.73839,19.65602,5.8
MX15068,-98.80962,19.02189,7.2
MX15067,-99.52729,19.45064,5.6
MX30212,-95.66494,17.6251,4.2
MX30211,-96.91602,20.21723,4.4
MX20411,-96.61278,16.99284,4.2
MX20410,-95.86506,16.23336,3.4
MX20415,-97.99832,16.61488,4.4
MX20414,-97.92636,16.20881,4.2
MX20417,-96.13158,17.84985,4.2
MX20416,-97.15842,17.85042,5.2
MX20419,-96.54173,17.36274,4.2
MX15099,-98.82779,19.47162,6.2
MX15098,-99.50643,19.12964,6.2
MX15095,-99.30619,19.72521,5.0
MX20420,-97.04093,16.73757,4.2
MX15094,-98.84128,19.00994,7.2
MX15097,-99.9393,18.93956,5.0
MX20422,-97.33241,17.64629,5.2
MX15096,-99.14959,19.90465,5.0
MX15091,-99.16818,19.76221,5.4
MX20424,-96.34927,16.09912,3.4
MX15090,-99.62926,19.08166,5.8
MX20423,-97.50136,17.40771,5.0
MX15093,-98.76547,19.56938,6.0
MX20426,-97.03343,17.04844,4.2
MX15092,-98.87066,19.68632,5.8
MX20425,-96.78378,17.80729,4.4
MX20428,-96.0519,16.30455,3.6
MX20429,-97.02992,16.56093,4.0
MX15088,-99.56922,18.96702,6.0
MX15087,-99.60247,19.48496,5.4
MX15089,-98.87015,19.15164,7.0
MX30159,-97.05242,18.52987,5.0
MX30158,-97.02613,20.38553,4.4
MX20350,-96.67971,17.0453,4.2
MX30157,-97.66909,20.73194,4.2
MX30156,-97.08419,19.71157,4.2
MX20352,-97.99814,17.83536,6.2
MX20351,-96.72652,16.4019,4.0
MX20354,-96.88847,18.22475,4.4
MX21201,-98.33696,18.6581,7.8
MX20353,-96.73028,16.33427,3.8
MX21200,-97.64678,19.84795,5.0
MX20356,-96.4654,17.01152,4.0
MX21203,-97.77793,18.69581,6.8
MX20355,-96.80116,17.98978,4.4
MX21202,-97.65361,19.93889,4.6
MX20358,-96.86156,16.74308,4.2
MX21205,-97.67811,18.76752,6.6
MX20357,-95.88381,16.60425,3.6
MX21204,-97.44248,19.91962,4.4
MX21207,-97.58127,19.85437,5.0
MX20359,-96.62215,17.39622,4.2
MX21206,-98.05248,18.58008,7.4
MX21209,-97.5219,18.27742,6.2
MX21208,-97.99901,19.96492,4.8
MX30169,-95.70209,18.11412,4.4
MX20361,-96.24175,16.32961,3.6
MX30168,-97.04434,18.7368,5.0
MX20360,-96.73193,16.8364,4.2
MX30167,-97.86306,21.14866,4.2
MX20363,-96.57709,17.2138,4.2
MX21210,-97.69261,20.00415,4.6
MX30166,-96.7733,19.66861,4.2
MX20362,-96.64821,16.29492,4.0
MX30165,-96.85321,19.04498,4.4
MX20365,-96.49846,17.18051,4.2
MX21212,-97.68269,19.7143,5.4
MX30164,-96.94157,19.3738,4.6
MX20364,-97.29619,16.17734,4.0
MX21211,-97.56857,19.74726,5.0
MX30163,-96.93921,19.81451,4.2
MX20367,-97.83913,16.33971,4.2
MX21214,-97.22247,18.32744,5.6
MX30162,-96.84099,19.2603,4.6
MX20366,-96.71877,16.07096,3.8
MX21213,-97.7983,20.2991,4.4
MX20369,-96.73208,16.88335,4.2
MX21216,-97.56685,20.03337,4.4
MX30160,-97.71073,20.97132,4.2
MX20368,-96.61269,16.79147,4.2
MX21215,-97.76052,19.97654,4.4
MX21217,-96.97867,18.37711,4.6
MX30138,-97.15092,18.8445,5.0
MX30137,-97.04344,18.67398,5.0
MX30136,-96.98483,19.59959,4.2
MX30135,-97.0956,18.80293,5.2
MX30134,-96.56567,19.30133,4.4
MX20330,-96.62867,17.99028,4.4
MX30132,-97.09478,19.62228,4.4
MX20332,-97.35744,17.45525,4.8
MX30131,-97.43847,20.53005,4.4
MX20331,-97.3913,17.33735,4.6
MX30130,-95.64517,17.767,4.2
MX20334,-97.53482,16.08038,4.0
MX20333,-96.22921,16.66284,4.0
MX20336,-96.47947,17.63339,4.2
MX20335,-96.38067,17.42313,4.2
MX20338,-96.79318,17.19519,4.2
MX20337,-96.13498,17.02174,4.0
MX20339,-97.50641,17.50787,5.2
MX30148,-96.45318,19.04892,4.6
MX30147,-97.18624,18.7069,5.4
MX30146,-96.92232,19.17321,4.8
MX20341,-97.48085,17.57723,5.2
MX20340,-97.70629,18.08849,6.4
MX20343,-96.60332,16.98468,4.2
MX20342,-96.75475,16.982,4.4
MX20345,-98.14954,16.52593,4.4
MX30140,-97.09302,18.77226,5.0
MX20344,-96.87125,16.08851,3.8
MX20347,-96.42338,16.20508,3.6
MX20346,-97.67439,17.51996,5.0
MX20349,-96.63342,16.95177,4.2
MX20348,-98.09364,17.34524,5.0
MX20390,-96.69111,17.06498,4.2
MX20392,-97.73215,16.94319,4.4
MX20391,-96.62066,16.18082,3.6
MX20394,-95.84652,17.07918,3.8
MX20393,-96.66866,16.72468,4.2
MX20396,-96.81726,18.10335,4.4
MX20395,-97.08021,17.62471,4.6
MX30198,-98.34407,20.49544,4.4
MX20398,-96.89208,16.67746,4.0
MX30197,-96.77342,19.84817,4.4
MX20397,-97.69139,17.23139,5.0
MX30196,-96.79964,18.82647,5.0
MX30195,-97.16358,18.63267,5.2
MX20399,-96.78645,17.0882,4.2
MX30194,-97.20293,19.65195,4.8
MX30193,-96.2222,19.1856,4.6
MX30192,-96.63435,19.97644,4.2
MX30191,-96.38839,19.4377,4.4
MX30190,-95.87995,18.18746,4.6
MX20370,-97.55142,17.33469,5.0
MX20372,-97.67265,17.00782,4.6
MX30179,-96.78128,19.18329,4.8
MX20371,-97.53435,17.06185,4.4
MX30178,-95.62204,18.53089,4.2
MX20374,-96.88305,18.1575,4.4
MX30177,-97.00468,19.70186,4.4
MX20373,-97.55663,18.02075,5.8
MX30176,-95.94598,18.1955,4.6
MX20376,-98.21534,17.57055,5.6
MX30175,-97.5302,20.6604,4.4
MX20375,-96.68509,17.04859,4.2
MX30174,-96.28766,18.55005,4.4
MX20378,-96.90534,16.79,4.2
MX30173,-96.77611,18.57975,4.4
MX20377,-97.68136,16.72821,4.4
MX30171,-97.03206,18.619,4.8
MX20379,-97.71832,17.1549,4.4
MX30170,-98.30879,20.62421,4.2
MX20381,-98.16438,17.82144,6.0
MX20380,-96.58383,16.95251,4.2
MX20383,-97.56795,17.3767,5.0
MX20382,-97.46236,16.91813,4.4
MX30189,-97.41282,20.9335,4.2
MX20385,-96.7486,17.01902,4.4
MX30188,-96.89706,19.22619,4.8
MX20384,-96.67814,16.33731,4.0
MX30187,-96.92141,19.72353,4.4
MX20387,-96.79318,16.78172,4.2
MX30186,-96.99685,19.02186,5.2
MX20386,-97.48478,16.46935,4.2
MX30185,-97.07733,18.7944,5.0
MX20389,-96.75894,16.80582,4.2
MX30184,-97.10487,18.60941,5.4
MX20388,-96.85463,16.92174,4.0
MX30183,-97.17443,20.02357,4.4
MX30182,-96.98304,19.54111,4.2
MX30181,-96.16952,18.75498,4.4
MX30180,-98.18534,20.61155,4.2
MX11013,-100.35963,21.1416,3.8
MX11011,-100.93837,20.42911,3.8
MX11010,-100.3836,20.217,4.2
MX11014,-100.93478,21.14702,3.8
MX11019,-100.50788,20.19711,4.0
MX11018,-101.05209,20.3588,4.0
MX11002,-100.75197,20.05247,4.0
MX11005,-100.62174,20.57551,4.0
MX11004,-100.57352,20.42184,4.0
MX11003,-100.73773,20.92525,3.8
MX11009,-100.79112,20.74127,3.8
MX11007,-100.78786,20.53757,4.0
MX11035,-100.99408,20.6741,3.8
MX11034,-100.0719,21.15068,4.0
MX11032,-100.38859,21.00232,3.8
MX11039,-100.7415,20.29674,4.0
MX11038,-100.52891,20.00448,4.2
MX11036,-100.99036,20.15823,4.0
MX11028,-100.91513,20.20756,3.8
MX11040,-100.15601,21.03229,3.8
MX11044,-100.99251,20.54196,4.0
MX12050,-100.61147,18.34562,4.4
MX12044,-99.3706,17.33684,4.4
MX12045,-98.78389,17.89656,6.2
MX12046,-98.35235,16.66187,4.4
MX12047,-99.86922,18.54466,5.4
MX12040,-99.79579,17.63194,4.6
MX12041,-98.70461,17.14606,4.4
MX12042,-99.35757,17.8325,5.4
MX12043,-98.43975,17.13403,4.4
MX12049,-99.60783,18.70423,5.6
MX12033,-98.54709,17.81216,6.0
MX12034,-99.25342,18.22977,6.2
MX12035,-99.58212,18.22681,5.4
MX12036,-98.49328,16.80174,4.4
MX12030,-99.13964,16.70269,4.4
MX12031,-100.10417,18.44113,4.8
MX12032,-100.02694,17.7338,4.4
MX12037,-99.76559,18.46345,5.4
MX12039,-99.47293,17.14213,4.2
MX12070,-98.5093,17.90451,6.6
MX12071,-98.15727,16.86943,4.4
MX12072,-98.82952,17.32455,4.8
MX12066,-98.61554,17.56217,5.4
MX12067,-100.45333,18.28029,4.4
MX12069,-98.54149,17.42981,5.4
MX12062,-98.27713,16.93906,4.6
MX12063,-98.78615,17.23001,4.6
MX12064,-100.43503,18.42802,4.4
MX12065,-98.4092,17.57165,5.6
MX12060,-99.67176,18.64884,5.8
MX12061,-99.36747,17.59935,5.2
MX12055,-99.59744,18.52004,6.0
MX12056,-99.29489,16.98045,4.4
MX12057,-100.74436,17.40595,3.8
MX12058,-99.91407,18.35826,5.0
MX12051,-99.18522,17.31282,4.4
MX12052,-98.75108,16.87636,4.6
MX12053,-99.4087,16.80888,4.4
MX12054,-100.31825,17.83981,4.2
MX12059,-99.46939,18.101,5.8
MX15114,-99.99213,19.44275,4.8
MX15113,-99.68773,18.9743,5.6
MX15116,-100.25611,19.06083,4.4
MX15115,-99.4676,19.43695,5.6
MX15110,-100.12195,19.17777,4.4
MX15112,-99.47843,19.72106,5.2
MX15111,-100.13756,19.38724,4.4
MX15118,-99.7977,19.2154,5.2
MX15117,-99.81281,18.71582,5.2
MX15119,-99.55409,18.80012,5.6
MX12080,-98.67807,16.59457,4.4
MX12081,-98.63788,17.0471,4.4
MX12077,-98.74543,16.6404,4.4
MX15103,-98.73197,19.2089,6.4
MX12078,-98.42387,17.10057,4.4
MX15102,-99.71804,19.89635,4.6
MX12079,-98.99594,17.44263,5.0
MX15105,-100.25708,18.54448,4.6
MX15104,-99.17015,19.54275,5.6
MX12074,-99.18511,17.74958,5.2
MX12075,-99.60977,17.80149,5.0
MX15101,-99.43216,19.1623,6.2
MX12076,-98.97603,17.17482,4.4
MX15100,-98.93101,19.59687,6.0
MX15107,-99.63756,18.7809,5.8
MX15106,-99.66641,19.29709,5.6
MX15109,-99.14529,19.62621,5.6
MX15108,-99.11965,19.67931,5.6
MX15125,-99.05837,19.68184,5.6
MX15124,-100.14533,19.6196,4.4
MX15121,-99.22519,19.65457,5.4
MX15120,-99.07182,19.80911,5.4
MX15123,-100.40648,18.94082,4.2
MX15122,-98.94836,19.27639,7.4
MX20510,-97.52395,16.90909,4.2
MX20512,-96.31441,16.17597,3.4
MX20511,-97.06675,17.1738,4.4
MX20514,-96.07091,17.33222,4.0
MX20516,-97.27723,16.57573,4.2
MX16007,-100.39543,19.66198,4.4
MX20518,-97.34052,17.4018,4.8
MX16005,-100.29853,19.62923,4.2
MX20517,-96.07778,16.93255,4.0
MX16003,-101.02176,19.87354,4.2
MX20519,-96.59089,17.07202,4.2
MX20521,-97.35339,17.60727,5.2
MX20520,-97.98596,17.68135,6.0
MX20523,-97.34822,17.53297,5.0
MX20522,-96.29135,17.12522,4.2
MX20524,-97.70073,17.63446,5.6
MX20527,-96.87526,17.79368,4.4
MX20526,-97.18832,16.08075,4.0
MX20529,-98.00591,17.77241,6.2
MX20528,-97.95026,17.42283,5.2
MX16031,-100.28934,20.14734,4.2
MX16022,-101.01331,19.66891,4.2
MX16020,-101.11182,19.98059,4.0
MX20501,-98.2206,17.61436,6.0
MX20500,-97.53114,16.85048,4.2
MX20503,-96.25157,17.21686,4.0
MX20502,-95.88493,17.19425,3.8
MX16017,-100.20759,19.95931,4.4
MX20504,-96.64658,17.26107,4.0
MX20507,-98.36462,16.32897,4.4
MX20506,-96.21036,17.07122,4.0
MX16013,-101.03631,18.96883,4.2
MX20550,-96.5487,17.00772,4.2
MX20552,-97.47554,17.87201,5.6
MX20551,-96.35935,16.87358,4.0
MX20554,-96.02113,17.24502,4.0
MX20553,-96.61639,17.09413,4.0
MX20556,-97.50147,17.77718,5.6
MX16050,-100.42895,19.88944,4.4
MX20555,-96.79236,16.92951,4.2
MX20558,-96.98823,17.76505,4.8
MX20559,-96.33477,17.79731,4.2
MX16046,-100.46018,19.29282,4.4
MX16047,-100.51869,19.43334,4.4
MX20561,-96.448,16.70865,4.2
MX20560,-96.3802,17.05789,4.0
MX20563,-96.79782,16.44235,4.0
MX20562,-97.39501,17.37853,4.6
MX16040,-100.94216,19.76602,4.0
MX20565,-96.76657,16.94968,4.4
MX16041,-100.468,19.7168,4.4
MX20564,-97.29644,17.07731,4.4
MX20567,-98.39696,17.77617,6.2
MX20566,-97.38217,16.78048,4.2
MX20569,-97.1414,17.27489,4.4
MX20568,-97.83489,17.88251,6.2
MX16038,-101.10506,18.65387,4.2
MX16034,-100.6779,19.6126,4.2
MX20530,-96.63769,16.86657,4.2
MX20532,-97.78217,17.11442,4.8
MX20531,-96.91193,17.14687,4.4
MX20534,-96.83352,16.37277,4.0
MX16072,-100.84677,19.72648,4.0
MX20533,-96.58044,16.24183,3.8
MX20536,-97.4356,17.43035,5.0
MX20535,-97.03822,16.65242,4.2
MX20538,-96.53879,16.36024,4.0
MX20537,-98.14392,17.56075,5.8
MX20539,-96.8263,17.16067,4.2
MX20541,-96.29401,17.38414,4.0
MX20540,-97.58023,17.6903,5.6
MX20543,-97.53494,16.30965,4.0
MX20542,-96.76931,16.57131,4.2
MX20545,-97.11221,18.10738,5.4
MX16061,-100.33277,19.57718,4.2
MX20544,-96.6707,17.32776,4.2
MX20547,-97.53851,17.74864,5.6
MX20546,-96.51729,17.05567,4.2
MX20549,-97.8585,17.58224,5.6
MX20548,-97.30109,18.00688,5.0
MX20471,-96.25065,17.41453,4.0
MX20473,-96.32594,17.20042,4.0
MX20475,-96.42275,16.82978,4.0
MX20474,-98.26082,16.48537,4.4
MX20477,-97.26635,16.43954,4.0
MX20476,-97.71957,17.98174,6.2
MX20479,-97.38695,17.42836,4.6
MX20478,-96.91203,17.52329,4.6
MX20480,-97.7013,17.33507,5.0
MX20482,-98.1209,16.29409,4.2
MX20481,-97.75979,17.00647,4.4
MX20484,-98.2347,17.73407,6.2
MX20483,-96.91039,17.23132,4.4
MX20002,-96.53957,18.45215,4.4
MX20486,-97.46376,17.6662,5.2
MX20001,-96.63384,17.49015,4.2
MX20485,-98.46598,16.3331,4.4
MX20004,-97.65271,17.9295,5.8
MX20488,-97.39734,17.79208,5.4
MX20003,-95.92691,17.03383,3.8
MX20487,-96.99858,17.28942,4.4
MX20006,-97.16779,17.44802,4.8
MX20489,-97.67743,16.34169,4.0
MX20008,-95.7662,16.22612,3.6
MX20007,-96.72576,16.76289,4.2
MX20009,-96.1668,17.71464,4.2
MX20451,-97.13619,17.64969,4.6
MX20450,-97.52084,16.63156,4.2
MX20453,-95.61215,15.97758,3.6
MX20452,-96.72732,16.79619,4.2
MX20455,-97.97432,17.9195,6.4
MX20454,-95.92169,17.09626,3.8
MX20457,-96.16646,17.52749,4.0
MX20456,-97.73445,17.7311,5.8
MX20459,-97.71939,18.19986,6.4
MX20458,-96.39464,17.61592,4.2
MX20460,-95.91607,17.37643,4.0
MX20462,-97.68911,17.80345,6.0
MX20461,-98.10138,17.43084,5.4
MX20464,-97.4483,17.88109,5.6
MX20463,-97.04697,17.48626,4.6
MX20466,-97.69832,16.53818,4.2
MX20468,-95.98259,17.65574,4.0
MX20467,-97.78517,16.2023,4.2
MX20469,-98.01877,17.19417,4.6
MX20031,-96.02216,17.03726,4.0
MX20033,-96.80208,17.17716,4.2
MX20032,-98.12917,17.92988,6.6
MX20035,-96.49911,17.31468,4.0
MX20034,-98.1643,17.75445,6.2
MX20037,-98.00992,16.92233,4.4
MX20039,-97.79985,17.85515,6.0
MX20038,-96.16018,17.18117,4.0
MX20040,-96.78393,18.07266,4.4
MX20042,-96.33935,17.49464,4.2
MX20041,-96.79993,18.14455,4.6
MX20044,-95.89104,18.00083,4.6
MX20046,-97.24206,17.26116,4.4
MX20045,-96.81524,17.24715,4.4
MX20048,-96.90875,16.89634,4.2
MX20047,-97.48179,17.80661,5.6
MX20049,-96.71497,16.70859,4.2
MX20491,-97.30915,16.72113,4.2
MX20490,-96.97875,18.21513,4.8
MX20493,-97.31488,17.4677,5.0
MX20492,-97.35343,17.21022,4.4
MX20011,-98.25386,17.54573,5.4
MX20495,-96.21861,16.00453,3.4
MX20494,-96.97126,17.02713,4.2
MX20013,-96.76637,16.89378,4.2
MX20497,-97.23789,16.20856,4.0
MX20496,-96.3938,17.27238,4.2
MX20015,-96.63581,16.51405,4.0
MX20499,-97.57444,17.46982,5.2
MX20017,-96.85146,16.5798,4.0
MX20016,-98.21718,17.21602,4.6
MX20019,-96.85392,17.86769,4.4
MX20018,-97.4428,17.9903,5.4
MX20020,-98.01049,17.06146,4.8
MX20022,-97.80167,18.13804,6.6
MX20021,-96.66188,18.57987,4.8
MX20024,-96.85731,17.96613,4.4
MX20023,-96.80143,17.00696,4.4
MX20026,-97.56233,16.98683,4.6
MX20028,-96.73139,16.59658,4.2
MX20027,-96.74874,17.99247,4.4
MX20029,-96.86927,18.19465,4.4
MX20070,-97.96607,16.40368,4.4
MX20073,-97.89361,16.99831,4.6
MX20072,-96.66507,16.67208,4.0
MX20074,-96.27026,16.30918,3.6
MX20077,-96.81907,17.20994,4.4
MX20076,-97.86337,16.64765,4.4
MX20078,-96.63615,17.00241,4.0
MX20080,-96.8138,16.51379,4.0
MX20082,-97.80468,16.44971,4.2
MX20081,-97.99341,17.58917,5.4
MX20084,-96.71826,17.20126,4.0
MX20083,-96.68559,16.99197,4.2
MX20086,-97.51574,17.19827,4.6
MX20085,-96.62082,15.97618,3.4
MX20088,-97.79208,16.84744,4.4
MX20087,-96.67946,17.0807,4.0
MX20089,-97.68874,17.69853,5.6
MX20091,-96.66729,17.12746,4.0
MX20090,-97.91751,16.34478,4.2
MX20051,-96.55749,16.89017,4.2
MX20050,-97.55388,17.24046,4.8
MX20052,-95.65531,16.34777,3.6
MX20055,-98.12365,17.82753,6.4
MX20054,-97.22491,17.39044,4.8
MX20056,-98.2368,16.54212,4.4
MX20059,-96.64608,16.34838,4.0
MX20058,-96.91095,18.02936,4.4
MX20060,-96.10405,17.16539,4.0
MX20062,-96.42625,17.30173,4.2
MX20061,-96.63098,16.37316,4.0
MX20064,-95.79416,16.66869,3.6
MX20063,-96.82935,17.18118,4.4
MX20065,-98.01436,17.50416,5.4
MX20068,-96.7034,16.76179,4.2
MX20067,-96.72412,17.10211,4.0
MX20069,-96.79389,16.6235,4.2
MX12001,-99.71453,16.95754,4.2
MX12002,-98.95137,17.75227,5.6
MX12003,-100.60773,17.91902,4.2
MX12008,-99.06996,18.14438,6.6
MX12009,-98.58269,17.27024,5.0
MX12004,-98.36611,17.3759,5.0
MX12005,-98.51057,17.64224,5.4
MX12006,-99.9809,18.09123,4.4
MX12007,-100.19879,18.25262,4.6
MX20093,-97.52934,17.58947,5.4
MX20092,-96.86492,17.05878,4.4
MX20095,-96.52495,16.21169,3.8
MX20094,-97.06316,17.23396,4.4
MX20097,-96.2233,17.27677,4.0
MX20096,-97.29611,17.48469,5.0
MX20099,-98.38643,17.65937,6.0
MX20098,-96.59952,17.94476,4.2
MX12022,-100.92991,18.08179,4.2
MX12023,-98.51774,16.46165,4.4
MX12024,-98.67126,17.73829,6.0
MX12025,-98.96371,16.71854,4.4
MX12020,-98.7019,17.43262,5.2
MX12021,-100.05897,17.14255,3.8
MX12026,-99.8147,18.12476,4.8
MX12027,-100.61792,18.65981,4.4
MX12028,-99.11236,17.52369,5.2
MX12029,-99.69745,17.39083,4.4
MX12011,-100.34207,17.33282,4.0
MX12012,-99.06754,16.95727,4.4
MX12013,-98.57268,16.68426,4.4
MX12014,-100.42712,17.09654,3.8
MX12010,-98.90305,17.51434,5.4
MX12019,-99.05204,17.98214,6.2
MX12015,-99.42073,18.46157,6.2
MX12017,-99.71366,18.1323,5.2
MX12018,-98.93064,16.60809,4.4
